행정동,도로명주소,지번주소,데이터기준일자,latitude,longitude
목1동,서울특별시 양천구 목동동로 240,서울특별시 양천구 목1동 932,2023-04-20,37.5261441881064,126.87278604176
목1동,서울특별시 양천구 신목로 108-10,서울특별시 양천구 목1동 404-162,2023-04-20,37.5235104877468,126.876108357747
목1동,서울특별시 양천구 오목로 56길 14,서울특별시 양천구 목1동 405-30,2023-04-20,37.5233095630048,126.873556596189
목1동,서울특별시 양천구 오목로 56길 10,서울특별시 양천구 목1동 405-472,2023-04-20,37.5236942630648,126.873699050453
목1동,서울특별시 양천구 목동동로 206-1,서울특별시 양천구 목1동 405-207,2023-04-20,37.5239253588059,126.872014672404
목2동,서울특별시 양천구 목동중앙본로2길 5,서울특별시 양천구 목2동 750-6,2023-04-20,37.539200412716,126.870224466812
목2동,서울특별시 양천구 목동중앙로7길 74,서울특별시 양천구 목2동 229-11,2023-04-20,37.5397745358077,126.869902579531
목2동,서울특별시 양천구 목동중앙본로 50-7,서울특별시 양천구 목2동 229-1,2023-04-20,37.54043579174,126.869261224572
목2동,서울특별시 양천구 목동중앙본로 56,서울특별시 양천구 목2동 234-1,2023-04-20,37.5408268016148,126.86915836632
목2동,서울특별시 양천구 목동중앙본로13길 12,서울특별시 양천구 목2동 315-37,2023-04-20,37.5412143408641,126.868365174141
목2동,서울특별시 양천구 목동중앙본로 15길9,서울특별시 양천구 목2동 315-38,2023-04-20,37.5413541324791,126.868407020909
목2동,서울특별시 양천구 목동중앙본로 9길7,서울특별시 양천구 목2동 315-65,2023-04-20,37.5401211047734,126.868397872921
목2동,서울특별시 양천구 목동중앙본로 11길12,서울특별시 양천구 목2동 315-53,2023-04-20,37.5406860971302,126.868214480532
목2동,서울특별시 양천구 목동중앙본로 60-3,서울특별시 양천구 목2동 233-5,2023-04-20,37.5414009350175,126.86925478694
목2동,서울특별시 양천구 목동중앙본로 18길 14,서울특별시 양천구 목2동 231-62,2023-04-20,37.5414803703958,126.869795968199
목2동,서울특별시 양천구 목동중앙본로 18길31,서울특별시 양천구 목2동 231-39,2023-04-20,37.5413581290609,126.870802441368
목2동,서울특별시 양천구 목동중앙본로 20길34,서울특별시 양천구 목2동 231-40,2023-04-20,37.5414953471402,126.870881071669
목2동,서울특별시 양천구 목동중앙본로 20길15,서울특별시 양천구 목2동 231-24,2023-04-20,37.5419759448215,126.870145880432
목2동,서울특별시 양천구 목동중앙본로 19길13,서울특별시 양천구 목2동 315-13,2023-04-20,37.5420594816289,126.86844923198
목2동,서울특별시 양천구 목동중앙본로 18길10,서울특별시 양천구 목2동 231-59,2023-04-20,37.5415105767427,126.869571761135
목2동,서울특별시 양천구 목동중앙본로 18길4,서울특별시 양천구 목2동 231-242,2023-04-20,,
목2동,서울특별시 양천구 목동중앙본로 2길 19,서울특별시 양천구 목2동 230-17,2023-04-20,37.5396438189389,126.870492880731
목2동,서울특별시 양천구 목동중앙본로 2길32,서울특별시 양천구 목2동 231-132,2023-04-20,37.5401764507216,126.870703889817
목2동,서울특별시 양천구 목동중앙본로 2길37,서울특별시 양천구 목2동 437-20,2023-04-20,37.5405027499633,126.870500447174
목2동,서울특별시 양천구 목동중앙본로 2길38-23,서울특별시 양천구 목2동 231-180,2023-04-20,37.5400661434912,126.87183818307
목2동,서울특별시 양천구 목동중앙본로 2길 38-39,서울특별시 양천구 목2동 231-195,2023-04-20,37.539670921691,126.872630792443
목2동,서울특별시 양천구 목동중앙본로 2길 38-45,서울특별시 양천구 목2동 231-193,2023-04-20,37.539527560397,126.872953964177
목2동,서울특별시 양천구 목동중앙본로 2길 28-41,서울특별시 양천구 목2동 231-222,2023-04-20,37.5392779704815,126.872690863996
목2동,서울특별시 양천구 목동중앙본로 2길 28-27,서울특별시 양천구 목2동 231-251,2023-04-20,37.5395449164855,126.872088569293
목2동,서울특별시 양천구 목동중앙본로 2길 28-15,서울특별시 양천구 목2동 231-128,2023-04-20,37.5398846035051,126.871351497237
목2동,서울특별시 양천구 목동중앙본로 18길62,서울특별시 양천구 목2동 231-168,2023-04-20,37.5405131832009,126.872137267275
목2동,서울특별시 양천구 목동중앙본로 18길79,서울특별시 양천구 목2동 231-216,2023-04-20,37.5402546828568,126.873136373419
목2동,서울특별시 양천구 목동중앙본로 2길 46-42,서울특별시 양천구 목2동 231-196,2023-04-20,37.5398238666854,126.87275646786
목2동,서울특별시 양천구 목동중앙본로2길 46-19 ,서울특별시 양천구 목2동 231-105,2023-04-20,37.540476308052,126.871782489796
목2동,서울특별시 양천구 목동중앙본로22길 32,서울특별시 양천구 목2동 231-30,2023-04-20,37.5419012655458,126.870897797188
목2동,서울특별시 양천구 목동중앙본로24길 40,서울특별시 양천구 목2동 231-5,2023-04-20,37.5419007077363,126.87146016759
목2동,서울특별시 양천구 목동중앙본로22길 51 ,서울특별시 양천구 목2동 231-72,2023-04-20,37.5416246552834,126.871970393021
목2동,서울특별시 양천구 목동중앙본로 22길64,서울특별시 양천구 목2동 231-149,2023-04-20,37.5411272038096,126.872627862583
목2동,서울특별시 양천구 목동중앙본로 20길61,서울특별시 양천구 목2동 231-150,2023-04-20,37.5409872782093,126.872460523355
목2동,서울특별시 양천구 목동중앙본로 26길42,서울특별시 양천구 목2동 41-50,2023-04-20,37.542107123775,126.872038251952
목2동,서울특별시 양천구 목동중앙본로 26길36,서울특별시 양천구 목2동 42-7,2023-04-20,37.5423317031966,126.871586725292
목2동,서울특별시 양천구 목동중앙본로 24길22,서울특별시 양천구 목2동 231-10,2023-04-20,37.5422287572602,126.87063120908
목2동,서울특별시 양천구 목동중앙본로 80-13,서울특별시 양천구 목2동 42-95,2023-04-20,37.542804779579,126.870479266102
목2동,서울특별시 양천구 목동중앙본로 26길22,서울특별시 양천구 목2동 42-34,2023-04-20,37.5425949187645,126.871038948648
목2동,서울특별시 양천구 목동중앙북로 16길 117,서울특별시 양천구 목2동 42-124,2023-04-20,37.5428951511206,126.871718602051
목2동,서울특별시 양천구 목동중앙북로 16길 101,서울특별시 양천구 목2동 558-8,2023-04-20,37.5425476447896,126.87264253234
목2동,서울특별시 양천구 목동중앙북로 16길 94,서울특별시 양천구 목2동 557-26,2023-04-20,37.542740319071,126.873098781287
목2동,서울특별시 양천구 목동중앙북로 16길 85,서울특별시 양천구 목2동 558-7,2023-04-20,37.5425648299026,126.8736266018
목2동,서울특별시 양천구 목동중앙본로 28길57,서울특별시 양천구 목2동 544-17,2023-04-20,37.5432517695336,126.87355924671
목2동,서울특별시 양천구 목동중앙본로 28길45,서울특별시 양천구 목2동 545-25,2023-04-20,37.5432363271937,126.872855110309
목2동,서울특별시 양천구 목동중앙본로 28길35,서울특별시 양천구 목2동 545-22,2023-04-20,37.5433779476188,126.872338656514
목2동,서울특별시 양천구 목동중앙본로 28길32,서울특별시 양천구 목2동 557,2023-04-20,,
목2동,서울특별시 양천구 목동중앙본로 28길25-5,서울특별시 양천구 목2동 546-20,2023-04-20,37.5437684207109,126.871821322091
목2동,서울특별시 양천구 목동중앙본로 28길25-10,서울특별시 양천구 목2동 545-47,2023-04-20,37.5438322754374,126.872129675273
목2동,서울특별시 양천구 목동중앙본로 30가길32,서울특별시 양천구 목2동 529-3,2023-04-20,37.5454755787372,126.871854270323
목2동,서울특별시 양천구 목동중앙본로 30가길32,서울특별시 양천구 목2동 529-3,2023-04-20,37.5454755787372,126.871854270323
목2동,서울특별시 양천구 목동중앙본로 30가길54,서울특별시 양천구 목2동 528-7,2023-04-20,,
목2동,서울특별시 양천구 목동중앙본로 30길50,서울특별시 양천구 목2동 534-10,2023-04-20,37.5448455549707,126.872812206514
목2동,서울특별시 양천구 목동중앙본로 28길37-8,서울특별시 양천구 목2동 545-29,2023-04-20,37.5435878089402,126.872773381012
목2동,서울특별시 양천구 목동중앙북로 14길 64,서울특별시 양천구 목2동 545-27,2023-04-20,37.5433981787092,126.872884934693
목2동,서울특별시 양천구 목동중앙북로 14길 56,서울특별시 양천구 목2동 545-33,2023-04-20,37.5438656294711,126.872980323431
목2동,서울특별시 양천구 목동중앙북로 14길 41,서울특별시 양천구 목2동 535-30,2023-04-20,37.5443890414426,126.873336104897
목2동,서울특별시 양천구 목동중앙북로 16길 16,,2023-04-20,37.545558853494,126.873630826806
목2동,서울특별시 양천구 목동중앙북로 16길 45,서울특별시 양천구 목2동 536-8,2023-04-20,37.544200377603,126.874099323757
목2동,서울특별시 양천구 목동중앙북로 16길 48 ,서울특별시 양천구 목2동 543-4,2023-04-20,,
목2동,서울특별시 양천구 목동중앙북로16가길 43,서울특별시 양천구 목2동 539-11,2023-04-20,37.5437396905404,126.875880601664
목2동,서울특별시 양천구 목동중앙북로 102-10,서울특별시 양천구 목2동 526-14,2023-04-20,37.5457647793413,126.874350960311
목2동,서울특별시 양천구 목동중앙북로 18길 25,서울특별시 양천구 목2동 524-7,2023-04-20,37.5451453931237,126.875248208971
목2동,서울특별시 양천구 목동중앙북로 18길 33,서울특별시 양천구 목2동 538-27,2023-04-20,37.5447612517028,126.875290264606
목2동,서울특별시 양천구 목동중앙북로 24길 64,서울특별시 양천구 목2동 538-18,2023-04-20,37.5443945653285,126.8759938041
목2동,서울특별시 양천구 목동중앙북로 20길 26,서울특별시 양천구 목2동 524-16,2023-04-20,37.5451252266542,126.875690462803
목2동,서울특별시 양천구 목동중앙북로 20길 17,서울특별시 양천구 목2동 523-50,2023-04-20,37.5454258656734,126.875924427255
목2동,서울특별시 양천구 목동중앙북로 120-12,서울특별시 양천구 목2동 523-7,2023-04-20,37.5458358789645,126.876152215234
목2동,서울특별시 양천구 목동중앙북로 22길 15,서울특별시 양천구 목2동 522-1,2023-04-20,37.5457307995476,126.87681934586
목2동,서울특별시 양천구 목동중앙북로24길 36,서울특별시 양천구 목2동 522-22,2023-04-20,37.5453621539127,126.87712004757
목2동,서울특별시 양천구 목동중앙북로24길 11-21,서울특별시 양천구 목2동 520-7,2023-04-20,37.5460716323198,126.879247292839
목2동,서울특별시 양천구 목동중앙북로24길 11-15,서울특별시 양천구 목2동 520-4,2023-04-20,37.5460174056341,126.878908468996
목2동,서울특별시 양천구 목동중앙북로24길 1-31,서울특별시 양천구 목2동 517-21,2023-04-20,37.5462021765463,126.879766823004
목2동,서울특별시 양천구 목동중앙로13나길20,서울특별시 양천구 목2동 520-11,2023-04-20,37.5458758526928,126.880050131006
목2동,서울특별시 양천구 목동중앙로13나길20-23,서울특별시 양천구 목2동 128-44,2023-04-20,37.5450513257407,126.88038266434
목2동,서울특별시 양천구 목동중앙로13나길69,서울특별시 양천구 목2동 131-54,2023-04-20,37.5440059393533,126.879980594023
목2동,서울특별시 양천구 목동중앙로13나길61,서울특별시 양천구 목2동 131-141,2023-04-20,37.5440594556325,126.880510644454
목2동,서울특별시 양천구 목동중앙로13나길54,서울특별시 양천구 목2동 131-71,2023-04-20,37.5444800012524,126.880292599194
목2동,서울특별시 양천구 목동중앙로13나길42-5,서울특별시 양천구 목2동 128-42,2023-04-20,,
목2동,서울특별시 양천구 목동중앙로13나길34,서울특별시 양천구 목2동 128-57,2023-04-20,37.5452370925778,126.880541806942
목2동,서울특별시 양천구 목동중앙로13다길26-9,서울특별시 양천구 목2동 131-44,2023-04-20,37.5441725709829,126.880996356851
목2동,서울특별시 양천구 목동중앙로13다길26-7,서울특별시 양천구 목2동 131-117,2023-04-20,37.5441108242602,126.881147179001
목2동,서울특별시 양천구 목동중앙로13길 19-43,서울특별시 양천구 목2동 131-114,2023-04-20,37.5448276019768,126.881359342467
목2동,서울특별시 양천구 목동중앙로13나길37,서울특별시 양천구 목2동 128-40,2023-04-20,,
목2동,서울특별시 양천구 목동중앙로13나길45,서울특별시 양천구 목2동 131-105,2023-04-20,,
목2동,서울특별시 양천구 목동중앙북로24길1-16,서울특별시 양천구 목2동 520-40,2023-04-20,37.546154456802,126.878917526366
목2동,서울특별시 양천구 목동중앙북로131,서울특별시 양천구 목2동 516-6,2023-04-20,37.5466200595813,126.877835529988
목2동,서울특별시 양천구 목동중앙북로 112,서울특별시 양천구 목2동 524-1,2023-04-20,37.5461336116179,126.875507394143
목2동,서울특별시 양천구 목동중앙본로93,서울특별시 양천구 목2동 547-14,2023-04-20,37.5440104590632,126.870363232191
목2동,서울특별시 양천구 목동중앙본로27길14,서울특별시 양천구 목2동 547-6,2023-04-20,37.544150953929,126.869734745665
목2동,서울특별시 양천구 목동중앙본로27길37,서울특별시 양천구 목2동 553-21,2023-04-20,37.5443338036411,126.868386846992
목2동,서울특별시 양천구 목동중앙북로8길 132,서울특별시 양천구 목2동 553-15,2023-04-20,37.5444529044853,126.867892708797
목2동,서울특별시 양천구 목동중앙북로8길 130,서울특별시 양천구 목2동 553-14,2023-04-20,37.5444624368747,126.867795943021
목2동,서울특별시 양천구 목동중앙북로8길122,서울특별시 양천구 목2동 553,2023-04-20,37.5444558833069,126.867415295581
목2동,서울특별시 양천구 목동중앙북로8길120-13,서울특별시 양천구 목2동 553-6,2023-04-20,37.5440055512303,126.867243417073
목2동,서울특별시 양천구 목동중앙북로8길129-42,서울특별시 양천구 목2동 500-7,2023-04-20,37.5462818229177,126.868764882637
목2동,서울특별시 양천구 목동중앙북로8길129-26,서울특별시 양천구 목2동 500-5,2023-04-20,37.5456650648689,126.868499815068
목2동,서울특별시 양천구 목동중앙북로10길40,서울특별시 양천구 목2동 500-4,2023-04-20,37.5456223002608,126.868691241086
목2동,서울특별시 양천구 목동중앙본로31길33,서울특별시 양천구 목2동 499-35,2023-04-20,37.5458629112152,126.869137004162
목2동,서울특별시 양천구 목동중앙북로10길51,서울특별시 양천구 목2동 499-28,2023-04-20,37.5449380574543,126.868750264662
목2동,서울특별시 양천구 목동중앙본로 29길 31,서울특별시 양천구 목2동 548-1,2023-04-20,37.5446872693581,126.868876308621
목2동,서울특별시 양천구 목동중앙본로 29길20-14,서울특별시 양천구 목2동 498-26,2023-04-20,37.5451560000493,126.869963725462
목2동,서울특별시 양천구 목동중앙본로15길 20,서울특별시 양천구 목2동 315-33,2023-04-20,37.5416057861655,126.867926925781
목2동,서울특별시 양천구 목동중앙본로18가길 11,서울특별시 양천구 목2동 232-33,2023-04-20,37.5409772142045,126.870252390741
목2동,서울특별시 양천구 목동중앙본로 30길17,서울특별시 양천구 목2동 532-25,2023-04-20,37.5441029271405,126.871623744554
목2동,서울특별시 양천구 목동중앙본로28길 37-19,서울특별시 양천구 목2동 545-4,2023-04-20,37.5440794428709,126.872735204028
목2동,서울특별시 양천구 목동중앙본로31길 25,서울특별시 양천구 목2동 499-17,2023-04-20,37.545677939167,126.869710022734
목3동,서울특별시 양천구 목동중앙본로7길 22,서울특별시 양천구 목3동 308-2,2023-04-20,37.5398126995069,126.867437321873
목3동,서울특별시 양천구 목동중앙본로7가길 22,서울특별시 양천구 목3동 318-228,2023-04-20,37.540564271328,126.86723967467
목3동,서울특별시 양천구 목동중앙본로7가길26-11,서울특별시 양천구 목3동 318-217,2023-04-20,37.5409878086476,126.867781824217
목3동,서울특별시 양천구 목동중앙본로7가길 29,서울특별시 양천구 목3동 318-224,2023-04-20,37.5409181805723,126.866996563888
목3동,서울특별시 양천구 목동중앙본로15길 35,서울특별시 양천구 목3동 318-209,2023-04-20,37.5413106691551,126.867088424948
목3동,서울특별시 양천구 목동중앙본로7가길 51,서울특별시 양천구 목3동 318-169,2023-04-20,37.5418411669262,126.866679454554
목3동,서울특별시 양천구 목동중앙본로7가길 58-10,서울특별시 양천구 목3동 318-150,2023-04-20,37.5423006927838,126.86725379505
목3동,서울특별시 양천구 목동중앙본로7가길 68-18,서울특별시 양천구 목3동 318-130,2023-04-20,37.5426750709897,126.86758648287
목3동,서울특별시 양천구 목동중앙본로7가길 67-8,서울특별시 양천구 목3동 318-100,2023-04-20,37.5423907313948,126.866161816901
목3동,서울특별시 양천구 목동중앙본로7가길 67-16,서울특별시 양천구 목3동 318-104,2023-04-20,37.5421499390446,126.865883551065
목3동,서울특별시 양천구 목동중앙남로14가길 17,서울특별시 양천구 목3동 716-2,2023-04-20,37.5413832103666,126.86598189575
목3동,서울특별시 양천구 목동중앙남로3가길 99,서울특별시 양천구 목3동 721-13,2023-04-20,37.5401620662008,126.864386061586
목3동,서울특별시 양천구 목동중앙남로13길 11,서울특별시 양천구 목3동 720-15,2023-04-20,37.540213361871,126.864961563989
목3동,서울특별시 양천구 목동중앙남로 100,서울특별시 양천구 목3동 711-1,2023-04-20,37.5427806182974,126.863741092615
목3동,서울특별시 양천구 목동중앙남로16길 23,서울특별시 양천구 목3동 318-24,2023-04-20,37.5428805386364,126.865153528769
목3동,서울특별시 양천구 목동중앙남로14가길 40,서울특별시 양천구 목3동 318-64,2023-04-20,37.5421206040245,126.865362307139
목3동,서울특별시 양천구 목동중앙본로7가길 81-12,서울특별시 양천구 목3동 318-55,2023-04-20,37.5426794017368,126.865439717972
목3동,서울특별시 양천구 목동중앙본로7가길 84,서울특별시 양천구 목3동 318-47,2023-04-20,37.5431794926257,126.865947110224
목3동,서울특별시 양천구 목동중앙북로8가길 23,서울특별시 양천구 목3동 627-2,2023-04-20,37.5466452585704,126.866012987112
목3동,서울특별시 양천구 목동중앙남로16다길 12,서울특별시 양천구 목3동 318-13,2023-04-20,37.5436182769929,126.865232879808
목3동,서울특별시 양천구 목동중앙남로16나길 26,서울특별시 양천구 목3동 324-121,2023-04-20,37.5434720241648,126.86474193647
목3동,서울특별시 양천구 목동중앙남로16가길 16-17,서울특별시 양천구 목3동 324-188,2023-04-20,,
목3동,서울특별시 양천구 목동중앙남로16가길 28-7,서울특별시 양천구 목3동 324-69,2023-04-20,37.5432282624025,126.863219652673
목3동,,서울특별시 양천구 목3동 324-49,2023-04-20,,
목3동,서울특별시 양천구 목동중앙남로16라길 30,서울특별시 양천구 목3동 643-3,2023-04-20,37.5449048762419,126.86317245811
목3동,서울특별시 양천구 목동중앙남로16라길 39,서울특별시 양천구 목3동 656-2,2023-04-20,37.5452447671631,126.863046571153
목3동,서울특별시 양천구 목동중앙남로16마길 20,서울특별시 양천구 목3동 642-8,2023-04-20,37.544521745264,126.86439932497
목3동,서울특별시 양천구 목동중앙남로16나길 38-7,서울특별시 양천구 목3동 324-9,2023-04-20,37.5442654454979,126.864979715597
목3동,서울특별시 양천구 목동중앙남로16다길 6-16,서울특별시 양천구 목3동 318-40,2023-04-20,37.543921623229,126.866006998726
목3동,서울특별시 양천구 목동중앙북로8길 84-27,서울특별시 양천구 목3동 639-8,2023-04-20,37.5443233003218,126.865858723791
목3동,서울특별시 양천구 목동중앙북로8길 84-15,서울특별시 양천구 목3동 639-4,2023-04-20,37.544640777111,126.865986474913
목3동,서울특별시 양천구 목동중앙북로8길 84,서울특별시 양천구 목3동 640-2,2023-04-20,37.5449271066052,126.865266960413
목3동,서울특별시 양천구 목동중앙북로8길 58,서울특별시 양천구 목3동 646-10,2023-04-20,37.5460869167458,126.864990688476
목3동,서울특별시 양천구 목동중앙남로16나길 64,서울특별시 양천구 목3동 646-27,2023-04-20,,
목3동,서울특별시 양천구 목동중앙북로8길 46,서울특별시 양천구 목3동 625-33,2023-04-20,37.5465743747926,126.864927571424
목3동,서울특별시 양천구 목동중앙북로2길 40,서울특별시 양천구 목3동 621-8,2023-04-20,37.5469895145031,126.863404361152
목3동,,서울특별시 양천구 목3동 614-4,2023-04-20,,
목3동,서울특별시 양천구 목동중앙북로5길 14,서울특별시 양천구 목3동 610-33,2023-04-20,37.5489176666403,126.865696249119
목3동,서울특별시 양천구 목동중앙북로7길 13,서울특별시 양천구 목3동 609-18,2023-04-20,37.5487443949212,126.867281296675
목3동,서울특별시 양천구 목동중앙북로7가길 46-1,서울특별시 양천구 목3동 607-31,2023-04-20,37.5497725136289,126.865362350578
목3동,서울특별시 양천구 목동중앙북로1길 20,서울특별시 양천구 목3동 612-4,2023-04-20,37.5495078425815,126.864532653373
목3동,서울특별시 양천구 목동중앙북로4길 36,서울특별시 양천구 목3동 622-6,2023-04-20,37.5469627681154,126.863962177801
목3동,서울특별시 양천구 목동중앙남로14길 9-7,서울특별시 양천구 목3동 715-10,2023-04-20,37.5407857537408,126.86574036915
목3동,서울특별시 양천구 목동중앙남로 81-1,서울특별시 양천구 목3동 714-4,2023-04-20,37.5409727164832,126.865112609414
목4동,서울특별시 양천구 목동중앙서로 39-14,서울특별시 양천구 목4동 774-4,2023-04-20,37.5334299394868,126.868577870402
목4동,서울특별시 양천구 목동중앙서로11길 11,서울특별시 양천구 목4동 774-12,2023-04-20,37.533503515403,126.868788747607
목4동,서울특별시 양천구 목동중앙서로11길 49-18,서울특별시 양천구 목4동 779-10,2023-04-20,37.5344307740245,126.866412735266
목4동,서울특별시 양천구 목동중앙서로11길 49-16,서울특별시 양천구 목4동 779-18,2023-04-20,37.5344181614745,126.866573418683
목4동,서울특별시 양천구 목동중앙서로11길 51,서울특별시 양천구 목4동 779-23,2023-04-20,37.5346875613147,126.867053452376
목4동,서울특별시 양천구 목동중앙남로 11-10,서울특별시 양천구 목4동 770-32,2023-04-20,37.5350946685683,126.868371971423
목4동,서울특별시 양천구 목동중앙남로 11-19,서울특별시 양천구 목4동 772-15,2023-04-20,37.5349417744074,126.868944061267
목4동,서울특별시 양천구 목동중앙로 57,서울특별시 양천구 목4동 772-9,2023-04-20,37.5346672865113,126.869474498138
목4동,서울특별시 양천구 목동중앙서로11길 30-21,서울특별시 양천구 목4동 771-28,2023-04-20,37.5343272199326,126.868716704291
목4동,서울특별시 양천구 목동중앙서로11길 40,서울특별시 양천구 목4동 771-14,2023-04-20,37.5344880777543,126.867773839636
목4동,서울특별시 양천구 목동중앙서로9길 34,서울특별시 양천구 목4동 775-1,2023-04-20,37.5337914782832,126.866699781735
목4동,서울특별시 양천구 목동중앙서로11길 60-3,서울특별시 양천구 목4동 780-25,2023-04-20,37.5350941439976,126.866779265151
목4동,서울특별시 양천구 목동중앙서로11길 73,서울특별시 양천구 목4동 779-38,2023-04-20,37.5349419597696,126.866057688091
목4동,서울특별시 양천구 목동중앙남로 21-18,서울특별시 양천구 목4동 768-12,2023-04-20,37.5356413711503,126.866983307426
목4동,서울특별시 양천구 목동중앙남로 21-7,서울특별시 양천구 목4동 769-13,2023-04-20,37.5357978869276,126.867555196501
목4동,서울특별시 양천구 목동중앙남로 15-1,서울특별시 양천구 목4동 770-1,2023-04-20,37.5356726951075,126.868241745714
목4동,,서울특별시 양천구 목4동 772-1,2023-04-20,,
목4동,서울특별시 양천구 목동중앙남로 12-16,서울특별시 양천구 목4동 764-11,2023-04-20,37.5359976262727,126.869323395266
목4동,서울특별시 양천구 목동중앙로3길 17,서울특별시 양천구 목4동 764-1,2023-04-20,37.5362205766031,126.869606771928
목4동,서울특별시 양천구 목동중앙남로 10,서울특별시 양천구 목4동 764-4,2023-04-20,37.5355591314975,126.869261818497
목4동,서울특별시 양천구 목동중앙남로2길 16,서울특별시 양천구 목4동 765-11,2023-04-20,37.5363255465757,126.868958724446
목4동,서울특별시 양천구 목동중앙로3길 42,서울특별시 양천구 목4동 761-13,2023-04-20,37.5371358221721,126.868802183938
목4동,서울특별시 양천구 목동중앙로3길 95,서울특별시 양천구 목4동 740-15,2023-04-20,37.5390629329115,126.867156796282
목4동,서울특별시 양천구 목동중앙본로7길 21,서울특별시 양천구 목4동 741-13,2023-04-20,37.5395670013136,126.867521487314
목4동,서울특별시 양천구 목동중앙남로4길 20,서울특별시 양천구 목4동 767-1,2023-04-20,37.5368785207988,126.868338173626
목4동,서울특별시 양천구 목동중앙본로5길 26,서울특별시 양천구 목4동 743-19,2023-04-20,37.538667463209,126.867941386625
목4동,서울특별시 양천구 목동중앙본로3길 25,서울특별시 양천구 목4동 746-6,2023-04-20,37.5383734833729,126.868764260901
목4동,서울특별시 양천구 목동중앙본로5길 51,서울특별시 양천구 목4동 745-12,2023-04-20,37.5378568658603,126.86853536537
목4동,서울특별시 양천구 목동중앙로5길 49,서울특별시 양천구 목4동 760-1,2023-04-20,37.5382268535506,126.869543876144
목4동,서울특별시 양천구 목동중앙로5길 43,서울특별시 양천구 목4동 760-12,2023-04-20,37.5379797990948,126.869788477511
목4동,서울특별시 양천구 목동중앙로5가길 31,서울특별시 양천구 목4동 755-2,2023-04-20,37.5379562662795,126.870510734731
목4동,서울특별시 양천구 목동중앙로5길 30,서울특별시 양천구 목4동 756-16,2023-04-20,37.5376903720485,126.870666770877
목4동,서울특별시 양천구 목동중앙로5길 14,서울특별시 양천구 목4동 756-4,2023-04-20,37.5373800113743,126.871274900781
목4동,서울특별시 양천구 목동중앙로5가길 8,서울특별시 양천구 목4동 753-11,2023-04-20,37.5374585823803,126.871775324033
목4동,서울특별시 양천구 목동중앙본로3길 10,서울특별시 양천구 목4동 748-7,2023-04-20,37.5391568658245,126.868812333901
목4동,서울특별시 양천구 목동중앙본로1길 8,서울특별시 양천구 목4동 747-12,2023-04-20,37.5387733190693,126.869715474922
목4동,서울특별시 양천구 목동중앙본로3길 13,서울특별시 양천구 목4동 746-1,2023-04-20,37.5389141380991,126.869057272606
목4동,서울특별시 양천구 목동중앙서로 8가길 7,서울특별시 양천구 목4동 804-30,2023-04-20,37.5309958714367,126.865602356815
목4동,서울특별시 양천구 목동중앙서로 8가길 14,서울특별시 양천구 목4동 804-7,2023-04-20,37.5311816408388,126.865350181405
목4동,서울특별시 양천구 목동중앙서로 6길 25,서울특별시 양천구 목4동 804-2,2023-04-20,37.5315107247115,126.865462953181
목4동,서울특별시 양천구 목동중앙서로 8길 48,서울특별시 양천구 목4동 804-15,2023-04-20,37.5304893331346,126.865843905026
목4동,서울특별시 양천구 목동중앙로 1길 15-16,서울특별시 양천구 목4동 803-6,2023-04-20,37.5309105485288,126.866398083628
목4동,서울특별시 양천구 목동중앙서로 7길 11,서울특별시 양천구 목4동 790-16,2023-04-20,37.5332188225303,126.865921607977
목4동,서울특별시 양천구 목동중앙서로 3길 24,서울특별시 양천구 목4동 789-32,2023-04-20,37.5337225546905,126.864957654749
목4동,서울특별시 양천구 목동중앙서로 7나길 11-12,서울특별시 양천구 목4동 787-8,2023-04-20,37.5342062909384,126.864633425044
목4동,서울특별시 양천구 목동중앙서로 7나길 12-43,서울특별시 양천구 목4동 784-8,2023-04-20,37.5351264819312,126.864869021742
목4동,서울특별시 양천구 목동중앙서로 7다길 1,서울특별시 양천구 목4동 785-19,2023-04-20,37.5346188254312,126.86531334043
목4동,서울특별시 양천구 목동중앙서로 7길 49,서울특별시 양천구 목4동 781-15,2023-04-20,37.5349534829481,126.865652618043
목4동,서울특별시 양천구 목동중앙남로 5길 10-1,서울특별시 양천구 목4동 727-26,2023-04-20,,
목4동,서울특별시 양천구 목동중앙남로 3가길 7,서울특별시 양천구 목4동 731-15,2023-04-20,37.5360478384975,126.864078632731
목4동,서울특별시 양천구 목동중앙남로 3가길 20-4,서울특별시 양천구 목4동 733-2,2023-04-20,37.5363863676685,126.864412586477
목4동,서울특별시 양천구 목동중앙남로 51-27,서울특별시 양천구 목4동 725-10,2023-04-20,37.5382964199985,126.864746872894
목4동,서울특별시 양천구 목동중앙남로 7길 35,서울특별시 양천구 목4동 728-3,2023-04-20,37.5373374880241,126.864669968492
목4동,서울특별시 양천구 목동중앙남로 3가길 32,서울특별시 양천구 목4동 728-24,2023-04-20,37.5370514003042,126.864338177259
목4동,서울특별시 양천구 목동중앙남로 5길 37,서울특별시 양천구 목4동 732-9,2023-04-20,37.5367846959212,126.864802215752
신월1동,서울특별시 양천구  곰달래로 5길 76,서울특별시 양천구 신월1동 97-23,2023-04-20,37.5353886040584,126.830388805133
신월1동,서울특별시 양천구  곰달래로 5길 67,서울특별시 양천구 신월1동 144-9,2023-04-20,37.5349212000311,126.830978542593
신월1동,서울특별시 양천구  곰달래로 5길 63,서울특별시 양천구 신월1동 143-25,2023-04-20,37.534818442641,126.831515633534
신월1동,서울특별시 양천구  남부순환로 57길 10,서울특별시 양천구 신월1동 137-1,2023-04-20,37.5335401495382,126.831042981324
신월1동,서울특별시 양천구  가로공원로 70길 14,서울특별시 양천구 신월1동 94-4,2023-04-20,37.5358862462654,126.832295506507
신월1동,서울특별시 양천구  가로공원로 66길 37,서울특별시 양천구 신월1동 92-7,2023-04-20,37.5359196477327,126.833615026873
신월1동,서울특별시 양천구  곰달래로 9길 51,서울특별시 양천구 신월1동 101-7,2023-04-20,37.5341311396044,126.833534370881
신월1동,서울특별시 양천구  곰달래로 9길 46,서울특별시 양천구 신월1동 107-45,2023-04-20,37.5335316450916,126.834196781027
신월1동,서울특별시 양천구  월정로 33길 22,서울특별시 양천구 신월1동 98-26,2023-04-20,37.535025614924,126.832552004079
신월1동,서울특별시 양천구  곰달래로 7길 21,서울특별시 양천구 신월1동 ,2023-04-20,,
신월1동,서울특별시 양천구  남부순환로 63길 20,서울특별시 양천구 신월1동 221-14,2023-04-20,37.5288287508436,126.835138841473
신월1동,서울특별시 양천구  곰달래로 2길 15,서울특별시 양천구 신월1동 221-28,2023-04-20,37.5285063768236,126.834369005368
신월1동,서울특별시 양천구  곰달래로 2길 16,서울특별시 양천구 신월1동 222-1,2023-04-20,37.5279474128439,126.834316843133
신월1동,서울특별시 양천구  곰달래로 2길 32,서울특별시 양천구 신월1동 217-8,2023-04-20,37.5270590298862,126.834641116308
신월1동,서울특별시 양천구  곰달래로 2길 41,서울특별시 양천구 신월1동 218-12,2023-04-20,37.526901654185,126.836083985575
신월1동,서울특별시 양천구  곰달래로 2길 42,서울특별시 양천구 신월1동 217-46,2023-04-20,37.5266745812692,126.835939336951
신월1동,서울특별시 양천구  곰달래로 6길 30-7,서울특별시 양천구 신월1동 218-9,2023-04-20,37.5271482658329,126.835830033707
신월1동,서울특별시 양천구  남부순환로 65길 12,서울특별시 양천구 신월1동 218-1,2023-04-20,37.5278367899901,126.835426681652
신월1동,서울특별시 양천구  곰달래로 12-1,서울특별시 양천구 신월1동 225-2,2023-04-20,37.5295958818651,126.834315459641
신월1동,서울특별시 양천구  곰달래로 6길 22,서울특별시 양천구 신월1동 220-36,2023-04-20,37.5280353741548,126.83575285691
신월1동,서울특별시 양천구  곰달래로 6길 30-1,서울특별시 양천구 신월1동 218-21,2023-04-20,37.5272789008949,126.83621212908
신월1동,서울특별시 양천구  곰달래로 6길 38,서울특별시 양천구 신월1동 218-46,2023-04-20,37.5267251596576,126.836547412167
신월1동,서울특별시 양천구  월정로 13길 24,서울특별시 양천구 신월1동 243-14,2023-04-20,37.5267732857238,126.837339669028
신월1동,서울특별시 양천구  월정로 13길 17,서울특별시 양천구 신월1동 244-7,2023-04-20,37.5266721972571,126.838063692696
신월1동,서울특별시 양천구  월정로 15길 7,서울특별시 양천구 신월1동 241-18,2023-04-20,37.5276144659991,126.838921565891
신월1동,서울특별시 양천구  곰달래로 10길 33-6,서울특별시 양천구 신월1동 239-1,2023-04-20,37.527169054495,126.838425654448
신월1동,서울특별시 양천구  곰달래로 10길 30,서울특별시 양천구 신월1동 242-35,2023-04-20,37.5275628184531,126.83752552603
신월1동,서울특별시 양천구  월정로 17길 24-20,서울특별시 양천구 신월1동 232-33,2023-04-20,37.5287741922864,126.836400167417
신월1동,서울특별시 양천구  곰달래로 6길 5-9,서울특별시 양천구 신월1동 226-12,2023-04-20,37.5294686542128,126.835600377338
신월1동,서울특별시 양천구  곰달래로 6길 5-24,서울특별시 양천구 신월1동 230-8,2023-04-20,37.529272675565,126.836305969688
신월1동,서울특별시 양천구  곰달래로 10길 ,서울특별시 양천구 신월1동 227-22,2023-04-20,37.5280338799169,126.837342362116
신월1동,서울특별시 양천구  월정로 17길 12,서울특별시 양천구 신월1동 234-17,2023-04-20,37.5281453374371,126.838132007583
신월1동,서울특별시 양천구  곰달래로 14길 16,서울특별시 양천구 신월1동 234-28,2023-04-20,37.5286671374212,126.838154185387
신월1동,서울특별시 양천구  곰달래로 5길 17-1,서울특별시 양천구 신월1동 ,2023-04-20,,
신월1동,서울특별시 양천구  마을마당 공영주차장 앞,서울특별시 양천구 신월1동 마을마당 공영주차장 앞,2023-04-20,,
신월1동,서울특별시 양천구  곰달래로 1길 19,서울특별시 양천구 신월1동 131-26,2023-04-20,37.53121663497,126.832296458916
신월1동,서울특별시 양천구  곰달래로 3길 35,서울특별시 양천구 신월1동 135-26,2023-04-20,37.5324922228732,126.832135661385
신월1동,서울특별시 양천구  곰달래로 1길 54,서울특별시 양천구 신월1동 104-15,2023-04-20,37.5341062632142,126.83061346561
신월1동,서울특별시 양천구  서부여성발전센터,서울특별시 양천구 신월1동 서부여성발전센터,2023-04-20,,
신월2동,서울특별시 양천구  오목로 76-2,서울특별시 양천구 신월2동 1049,2023-04-20,37.522036481306,126.845481669467
신월2동,서울특별시 양천구  오목로 10길 8,서울특별시 양천구 신월2동 513-9,2023-04-20,37.5216791323233,126.843965097998
신월2동,서울특별시 양천구  오목로 10길 7-3,서울특별시 양천구 신월2동 510-4,2023-04-20,37.5220171251213,126.844463717879
신월2동,서울특별시 양천구  오목로 72-2,서울특별시 양천구 신월2동 509-5,2023-04-20,37.5224079473845,126.845331014985
신월2동,서울특별시 양천구  오목로 88,서울특별시 양천구 신월2동 507-3,2023-04-20,37.5228836364523,126.847238775038
신월2동,서울특별시 양천구  오목로 90,서울특별시 양천구 신월2동 506-1,2023-04-20,37.5230657041643,126.84784780455
신월2동,서울특별시 양천구  오목로 100,서울특별시 양천구 신월2동 505-1,2023-04-20,37.5233558307489,126.84862223311
신월2동,서울특별시 양천구  오목로 102-1,서울특별시 양천구 신월2동 505-3,2023-04-20,37.5234297255841,126.84891360661
신월2동,서울특별시 양천구  중앙로 57길 2,서울특별시 양천구 신월2동 455-10,2023-04-20,37.5273031204178,126.848624099361
신월2동,서울특별시 양천구  중앙로 55길 16,서울특별시 양천구 신월2동 457-15,2023-04-20,37.5266451854134,126.847484968046
신월2동,서울특별시 양천구  중앙로 55길 22,서울특별시 양천구 신월2동 457-7,2023-04-20,37.5265741082206,126.847006461326
신월2동,서울특별시 양천구  중앙로 55길 24,서울특별시 양천구 신월2동 457-9,2023-04-20,37.5265205212511,126.846745920306
신월2동,서울특별시 양천구  중앙로 55길 30,서울특별시 양천구 신월2동 458-8,2023-04-20,37.526524406279,126.846061365486
신월2동,서울특별시 양천구  중앙로 55길 32,서울특별시 양천구 신월2동 458-3,2023-04-20,37.5264602941422,126.845608187535
신월2동,서울특별시 양천구  오목로 13길 33,서울특별시 양천구 신월2동 465-5,2023-04-20,37.5258850115168,126.844514401634
신월2동,서울특별시 양천구  오목로 13길 39,서울특별시 양천구 신월2동 460-5,2023-04-20,37.5263337701293,126.844149759684
신월2동,서울특별시 양천구  중앙로 57길 49,서울특별시 양천구 신월2동 460-2,2023-04-20,37.5262300933207,126.843625961396
신월2동,서울특별시 양천구  중앙로 55길 54-1,서울특별시 양천구 신월2동 460-33,2023-04-20,37.5260471972304,126.843427349572
신월2동,서울특별시 양천구  월정로 8길 12,서울특별시 양천구 신월2동 463-8,2023-04-20,37.5252722965413,126.843397519597
신월2동,서울특별시 양천구  오목로 9길 19,서울특별시 양천구 신월2동 446-5,2023-04-20,37.5239255725311,126.842586395813
신월2동,서울특별시 양천구  오목로 11길 17-15,서울특별시 양천구 신월2동 487-2,2023-04-20,37.5239788799882,126.843104173245
신월2동,서울특별시 양천구  오목로 11길 20,서울특별시 양천구 신월2동 482-16,2023-04-20,37.5244791597762,126.844705222386
신월2동,서울특별시 양천구  중앙로 51길 59,서울특별시 양천구 신월2동 488-4,2023-04-20,37.5236859198774,126.843818380848
신월2동,서울특별시 양천구  오목로 9길 12,서울특별시 양천구 신월2동 488-13,2023-04-20,37.523454787326,126.84318706007
신월2동,서울특별시 양천구  오목로 11길 9-12,서울특별시 양천구 신월2동 488-3,2023-04-20,37.5235695811329,126.843667488262
신월2동,서울특별시 양천구  대림이편한세상A 후문,서울특별시 양천구 신월2동 대림이편한세상A 후문,2023-04-20,,
신월2동,서울특별시 양천구  중앙로 51길 51,서울특별시 양천구 신월2동 488-18,2023-04-20,37.5238131750141,126.844595287393
신월2동,서울특별시 양천구  오목로 13길 16-1,서울특별시 양천구 신월2동 481-9,2023-04-20,37.5244252655217,126.84551871272
신월2동,서울특별시 양천구  오목로 13길 16,서울특별시 양천구 신월2동 481-10,2023-04-20,37.5242366174638,126.845535278734
신월2동,서울특별시 양천구  오목로 15길 20,서울특별시 양천구 신월2동 480-6,2023-04-20,37.5246698742287,126.845991530635
신월2동,서울특별시 양천구  오목로 15길 22,서울특별시 양천구 신월2동 480-18,2023-04-20,37.5250001030241,126.845931459986
신월2동,서울특별시 양천구  중앙로 53길 34,서울특별시 양천구 신월2동 468-4,2023-04-20,37.5255915738104,126.846110682986
신월2동,서울특별시 양천구  중앙로 53길 25,서울특별시 양천구 신월2동 478-1,2023-04-20,37.5253887080865,126.846903899529
신월2동,서울특별시 양천구  오목로 15길 32-7,서울특별시 양천구 신월2동 467-5,2023-04-20,37.5259520070642,126.846204970686
신월2동,서울특별시 양천구  중앙로 53길 22-10 ,서울특별시 양천구 신월2동 469-2,2023-04-20,37.5262594794904,126.847285627832
신월2동,서울특별시 양천구  중앙로 51길 26-10,서울특별시 양천구 신월2동 477-3,2023-04-20,37.5251465715474,126.847711219423
신월2동,서울특별시 양천구  중앙로 51길 26-2,서울특별시 양천구 신월2동 477-12,2023-04-20,37.5248178090768,126.847861102182
신월2동,서울특별시 양천구  중앙로 51길 6,서울특별시 양천구 신월2동 474-9,2023-04-20,37.525093494087,126.849603043476
신월2동,서울특별시 양천구  중앙로 53길 5,서울특별시 양천구 신월2동 475,2023-04-20,37.5258112951968,126.849087659821
신월2동,서울특별시 양천구  중앙로 53길 12-7,서울특별시 양천구 신월2동 470-21,2023-04-20,37.5261643627832,126.84821676029
신월2동,서울특별시 양천구  중앙로 55길 9,서울특별시 양천구 신월2동 470-14,2023-04-20,37.5265482771982,126.848144937064
신월2동,서울특별시 양천구  오목로 19길 1,서울특별시 양천구 신월2동 494-8,2023-04-20,37.5234281850962,126.847086529922
신월2동,서울특별시 양천구  오목로 81,서울특별시 양천구 신월2동 493-17,2023-04-20,37.5232132299263,126.846618519894
신월2동,서울특별시 양천구 신월로 220,서울특별시 양천구 신월2동 607-1,2023-04-20,37.5213500292993,126.846604008329
신월3동,서울특별시 양천구  남부순환로64길 37-9,서울특별시 양천구 신월3동 207-70,2023-04-20,37.5260385814929,126.833249395768
신월3동,서울특별시 양천구  남부순환로64길 37-3,서울특별시 양천구 신월3동 207-88,2023-04-20,37.5256740647339,126.832950643542
신월3동,서울특별시 양천구  남부순환로64길 29,서울특별시 양천구 신월3동 207-54,2023-04-20,37.5257652729468,126.832842289433
신월3동,서울특별시 양천구  남부순환로64길 27,서울특별시 양천구 신월3동 207-28,2023-04-20,37.5265365665379,126.832995555908
신월3동,서울특별시 양천구  남부순환로64길 23-1,서울특별시 양천구 신월3동 207-27,2023-04-20,37.5266935324683,126.833194993177
신월3동,서울특별시 양천구  남부순환로 442,서울특별시 양천구 신월3동 206-1,2023-04-20,37.5282624685753,126.832956410977
신월3동,서울특별시 양천구  남부순환로58길 41,서울특별시 양천구 신월3동 205-39,2023-04-20,37.5292236110856,126.83197192857
신월3동,서울특별시 양천구  남부순환로58길 31-19,서울특별시 양천구 신월3동 205-31,2023-04-20,37.5293882246805,126.831845867606
신월3동,서울특별시 양천구  남부순환로58길 27,서울특별시 양천구 신월3동 205-15,2023-04-20,37.5296936387916,126.831196696126
신월3동,서울특별시 양천구  남부순환로62길 14,서울특별시 양천구 신월3동 200-21,2023-04-20,37.5304918262635,126.830184936598
신월3동,서울특별시 양천구  남부순환로62길 32,서울특별시 양천구 신월3동 201-15,2023-04-20,37.530370879212,126.828045142927
신월3동,서울특별시 양천구  남부순환로62길 21,서울특별시 양천구 신월3동 202-3,2023-04-20,37.5301931872744,126.829214801689
신월3동,서울특별시 양천구  남부순환로58길 24-16,서울특별시 양천구 신월3동 203-14,2023-04-20,37.5300588240754,126.829634838366
신월3동,서울특별시 양천구 남부순환로60길 6-1,서울특별시 양천구 신월3동 198-15,2023-04-20,37.5309249422114,126.830125802666
신월3동,서울특별시 양천구  남부순환로58길 24-12,서울특별시 양천구 신월3동 203-16,2023-04-20,37.5300725114297,126.829879404842
신월3동,서울특별시 양천구  남부순환로58길 24-8,서울특별시 양천구 신월3동 203-17,2023-04-20,37.5300915441046,126.83014477611
신월3동,서울특별시 양천구  남부순환로56가길 13,서울특별시 양천구 신월3동 198-22,2023-04-20,37.5312533083219,126.830217377456
신월3동,서울특별시 양천구  남부순환로54길 2,서울특별시 양천구 신월3동 166-14,2023-04-20,37.533892090938,126.828984837805
신월3동,서울특별시 양천구  남부순환로56가길 1,서울특별시 양천구 신월3동 198-38,2023-04-20,37.5323797104335,126.829759555322
신월3동,서울특별시 양천구  남부순환로56길 15,서울특별시 양천구 신월3동 1058,2023-04-20,37.5315130571983,126.828899760214
신월3동,서울특별시 양천구  남부순환로54길 28-1,서울특별시 양천구 신월3동 171-31,2023-04-20,37.5321389219276,126.82842360344
신월3동,서울특별시 양천구  남부순환로54길 32,서울특별시 양천구 신월3동 1083,2023-04-20,37.5319541814605,126.828151364737
신월3동,서울특별시 양천구  가로공원로58길 35-1,서울특별시 양천구 신월3동 187-1,2023-04-20,37.5315898790296,126.825307366547
신월3동,서울특별시 양천구  가로공원로58길 13,서울특별시 양천구 신월3동 153-33,2023-04-20,37.5336852649448,126.824773661234
신월3동,서울특별시 양천구  가로공원로60가길 15,서울특별시 양천구 신월3동 157-20,2023-04-20,37.5345213671262,126.826648837176
신월3동,서울특별시 양천구  가로공원로56길 27-1,서울특별시 양천구 신월3동 ,2023-04-20,37.5350091554353,126.825843944972
신월3동,서울특별시 양천구  가로공원로 66,서울특별시 양천구 신월3동 151-1,2023-04-20,37.5349600171287,126.823213728128
신월3동,서울특별시 양천구  남부순환로36길 25-1,서울특별시 양천구 신월3동 48-21,2023-04-20,37.5358672060459,126.824949246353
신월3동,서울특별시 양천구  남부순환로36길 27-1,서울특별시 양천구 신월3동 48-1,2023-04-20,37.5358285392605,126.82469691344
신월3동,서울특별시 양천구  가로공원로55길 20-1,서울특별시 양천구 신월3동 46-7,2023-04-20,37.5362018535871,126.824535261748
신월3동,서울특별시 양천구  가로공원로55길 26,서울특별시 양천구 신월3동 46-4,2023-04-20,37.5363167294814,126.825141672346
신월4동,서울특별시 양천구  월정로 63,서울특별시 양천구 신월4동 427-17,2023-04-20,37.5252121399261,126.841059524999
신월4동,서울특별시 양천구  오목로7길 30,서울특별시 양천구 신월4동 ,2023-04-20,,
신월4동,서울특별시 양천구  월정로9길 11-2,서울특별시 양천구 신월4동 425-7,2023-04-20,37.5249685589471,126.840095179988
신월4동,서울특별시 양천구  월정로7길 10,서울특별시 양천구 신월4동 425-5,2023-04-20,37.524358404001,126.840430657268
신월4동,서울특별시 양천구  오목로5길 14,서울특별시 양천구 신월4동 422-1,2023-04-20,37.5229870814203,126.841033362393
신월4동,서울특별시 양천구  오목로3길 12,서울특별시 양천구 신월4동 433-8,2023-04-20,37.5226881515125,126.839783074282
신월4동,서울특별시 양천구  오목로 31,서울특별시 양천구 신월4동 441,2023-04-20,37.5224127216539,126.840987861073
신월4동,서울특별시 양천구  오목로3길 16,서울특별시 양천구 신월4동 433-6,2023-04-20,37.5229085582678,126.83940103546
신월4동,서울특별시 양천구  오목로3길 32,서울특별시 양천구 신월4동 422-7,2023-04-20,37.5241276141031,126.838608350944
신월4동,서울특별시 양천구  월정로11길 24,서울특별시 양천구 신월4동 411-11,2023-04-20,37.5255001723763,126.838259109343
신월4동,서울특별시 양천구  월정로11길 20,서울특별시 양천구 신월4동 411-10,2023-04-20,37.5256185004947,126.838805828557
신월4동,서울특별시 양천구  월정로11길 16,서울특별시 양천구 신월4동 411-7,2023-04-20,37.5256136829484,126.839039109185
신월4동,서울특별시 양천구  오목로5길 42,서울특별시 양천구 신월4동 413-1,2023-04-20,37.5255060950661,126.839629076588
신월4동,서울특별시 양천구  오목로5길 38,서울특별시 양천구 신월4동 413-13,2023-04-20,37.5251333076008,126.839729992372
신월4동,서울특별시 양천구  월정로11길 5,서울특별시 양천구 신월4동 413-19,2023-04-20,37.5256079999044,126.840361815737
신월4동,서울특별시 양천구  국회대로 50,서울특별시 양천구 신월4동 412-7,2023-04-20,37.5260882143273,126.84048093531
신월4동,서울특별시 양천구  오목로5길 8,서울특별시 양천구 신월4동 442-25,2023-04-20,37.5225725183204,126.841292276834
신월4동,서울특별시 양천구  남부순환로67길 16,서울특별시 양천구 신월4동 421-1,2023-04-20,37.5241581765932,126.837898193458
신월4동,서울특별시 양천구  오목로1길 35,서울특별시 양천구 신월4동 1068,2023-04-20,37.5240171612162,126.836454109052
신월4동,서울특별시 양천구  남부순환로67길 2,서울특별시 양천구 신월4동 418-2,2023-04-20,37.523696747972,126.836702213428
신월4동,서울특별시 양천구  남부순환로 497,서울특별시 양천구 신월4동 410-26,2023-04-20,37.5242044943021,126.836269757196
신월4동,서울특별시 양천구  남부순환로 495,서울특별시 양천구 신월4동 410-15,2023-04-20,37.5244680282011,126.836393280954
신월4동,서울특별시 양천구  오목로3길 47,서울특별시 양천구 신월4동 410-3,2023-04-20,37.5253416938144,126.83741155903
신월4동,서울특별시 양천구  오목로3길 31,서울특별시 양천구 신월4동 421-4,2023-04-20,37.524046460014,126.838166543298
신월4동,서울특별시 양천구  오목로3길 23,서울특별시 양천구 신월4동 421-12,2023-04-20,37.5234776538994,126.838624683543
신월4동,서울특별시 양천구  오목로3길 5-13,서울특별시 양천구 신월4동 439-13,2023-04-20,37.521626261983,126.838812720807
신월4동,서울특별시 양천구  오목로3길 5-7,서울특별시 양천구 신월4동 439-15,2023-04-20,37.5217229812364,126.83924000185
신월4동,서울특별시 양천구  오목로3길 5-2,서울특별시 양천구 신월4동 440-15,2023-04-20,37.5219533244566,126.83934086551
신월4동,서울특별시 양천구  오목로3길 3,서울특별시 양천구 신월4동 439-25,2023-04-20,37.5218435099973,126.839619042878
신월4동,서울특별시 양천구  남부순환로71길 6,서울특별시 양천구 신월4동 438-4,2023-04-20,37.5215660149683,126.838044299232
신월4동,서울특별시 양천구  오목로1길 20,서울특별시 양천구 신월4동 436-1,2023-04-20,37.5228277218362,126.8377408885
신월4동,서울특별시 양천구  오목로3길 16-1,서울특별시 양천구 신월4동 433-9,2023-04-20,37.523083040481,126.839304053271
신월4동,서울특별시 양천구  오목로3길 7,서울특별시 양천구 신월4동 440-7,2023-04-20,37.522213960351,126.839389515159
신월4동,서울특별시 양천구  월정로 11,서울특별시 양천구 신월4동 534-3,2023-04-20,37.5209055350224,126.843490695573
신월4동,서울특별시 양천구  오목로4길 25,서울특별시 양천구 신월4동 516-6,2023-04-20,37.5212962936656,126.842402101619
신월4동,서울특별시 양천구  오목로4길 11,서울특별시 양천구 신월4동 519-11,2023-04-20,37.5210108808624,126.841008709226
신월4동,서울특별시 양천구  오목로4길 5,서울특별시 양천구 신월4동 519-12,2023-04-20,37.521131155996,126.840534475377
신월4동,서울특별시 양천구  오목로 26,서울특별시 양천구 신월4동 519-20,2023-04-20,37.521506430727,126.840673495438
신월4동,서울특별시 양천구  오목로 34-1,서울특별시 양천구 신월4동 518-7,2023-04-20,37.5214850924119,126.841555665605
신월4동,서울특별시 양천구  오목로 46-2,서울특별시 양천구 신월4동 517-5,2023-04-20,37.5217126191333,126.842584144659
신월4동,서울특별시 양천구  월정로 21,서울특별시 양천구 신월4동 514-3,2023-04-20,37.5215351590595,126.843221846869
신월4동,서울특별시 양천구  신월로19길 7,서울특별시 양천구 신월4동 532-14,2023-04-20,37.5204107874507,126.843281325197
신월4동,서울특별시 양천구  신월로17길 1,서울특별시 양천구 신월4동 537-9,2023-04-20,37.5191062634713,126.842428878908
신월4동,서울특별시 양천구  ,서울특별시 양천구 신월4동 531,2023-04-20,37.5169884752607,126.866501409661
신월4동,서울특별시 양천구  신월로17길 12,서울특별시 양천구 신월4동 532-11,2023-04-20,37.5199571943159,126.842379579291
신월4동,서울특별시 양천구  신월로17길 20,서울특별시 양천구 신월4동 533-16,2023-04-20,37.5204051479328,126.842226150836
신월4동,서울특별시 양천구  신월로15길 22,서울특별시 양천구 신월4동 530-8,2023-04-20,37.5204377114606,126.8417153439
신월4동,서울특별시 양천구  신월로19길 9,서울특별시 양천구 신월4동 532-5,2023-04-20,37.5203304929124,126.842930707433
신월4동,서울특별시 양천구  남부순환로75길 26,서울특별시 양천구 신월4동 537-13,2023-04-20,37.5197035059485,126.842067677586
신월4동,서울특별시 양천구  신월로15길 13,서울특별시 양천구 신월4동 538-2,2023-04-20,37.5195711423476,126.841591951646
신월4동,서울특별시 양천구  신월로13길 15,서울특별시 양천구 신월4동 539-10,2023-04-20,37.519409300743,126.841039369112
신월4동,서울특별시 양천구  신월로13길 12,서울특별시 양천구 신월4동 538-5,2023-04-20,37.5191854202027,126.841388248887
신월4동,서울특별시 양천구  신월로15길 20,서울특별시 양천구 신월4동 530-15,2023-04-20,37.5202320287953,126.841794623053
신월4동,서울특별시 양천구  신월로15길 26,서울특별시 양천구 신월4동 530-2,2023-04-20,37.5206170595128,126.841415761005
신월4동,서울특별시 양천구  남부순환로73길 15-9,서울특별시 양천구 신월4동 522-2,2023-04-20,37.5208091595788,126.839818087234
신월4동,서울특별시 양천구  남부순환로73길 15-1,서울특별시 양천구 신월4동 522-5,2023-04-20,37.5204048478758,126.839993835528
신월4동,서울특별시 양천구  신월로9길 24,서울특별시 양천구 신월4동 526-11,2023-04-20,37.5194432434737,126.839422263232
신월4동,서울특별시 양천구  신월로9길 20,서울특별시 양천구 신월4동 541-1,2023-04-20,37.519081132842,126.839622806122
신월4동,서울특별시 양천구  신월로9길 15,서울특별시 양천구 신월4동 525-8,2023-04-20,37.5187362278117,126.839489160379
신월4동,서울특별시 양천구  신월로9길 12,서울특별시 양천구 신월4동 546-26,2023-04-20,37.5183411443106,126.83989191198
신월4동,서울특별시 양천구  신월로11길 11,서울특별시 양천구 신월4동 546-19,2023-04-20,37.518430082735,126.840165013385
신월4동,서울특별시 양천구  남부순환로75길 3,서울특별시 양천구 신월4동 526-14,2023-04-20,37.5193579436201,126.839706034642
신월4동,서울특별시 양천구  남부순환로75길 5,서울특별시 양천구 신월4동 527-4,2023-04-20,37.5194351872375,126.840058800159
신월4동,서울특별시 양천구  신월로11길 27,서울특별시 양천구 신월4동 526-5,2023-04-20,37.5197939110256,126.839619357545
신월4동,서울특별시 양천구  신월로11길 40-1,서울특별시 양천구 신월4동 520-18,2023-04-20,37.5209538249228,126.839526377956
신월5동,서울특별시 양천구 남부순환로31길 9,서울특별시 양천구 신월5동  54-3,2023-04-20,37.5389717824503,126.827770017944
신월5동,서울특별시 양천구 남부순환로31길 13-1,서울특별시 양천구 신월5동  54-14,2023-04-20,37.538945028227,126.828144826584
신월5동,서울특별시 양천구 남부순환로31길 30,서울특별시 양천구 신월5동  58-8,2023-04-20,37.5387757113446,126.829936461575
신월5동,서울특별시 양천구 화곡로10길 8,서울특별시 양천구 신월5동  58-21,2023-04-20,37.5387254331355,126.830875816913
신월5동,서울특별시 양천구 화곡로10길 12,서울특별시 양천구 신월5동  75-2,2023-04-20,37.5382818421382,126.830981366878
신월5동,서울특별시 양천구 남부순환로33길 37,서울특별시 양천구 신월5동  61-9,2023-04-20,37.538488453899,126.831431454249
신월5동,서울특별시 양천구 화곡로8길 13,서울특별시 양천구 신월5동  58-46,2023-04-20,37.5383202610407,126.829627245948
신월5동,서울특별시 양천구 남부순환로33길 12,,2023-04-20,,
신월5동,서울특별시 양천구 화곡로4길 27,서울특별시 양천구 신월5동  79-17,2023-04-20,37.5371761696877,126.828567185378
신월5동,서울특별시 양천구 화곡로4길 29-10,서울특별시 양천구 신월5동  80-19,2023-04-20,37.5370645737737,126.829090625367
신월5동,서울특별시 양천구 화곡로8길 23,서울특별시 양천구 신월5동  76-17,2023-04-20,37.5372580065898,126.829831175303
신월5동,서울특별시 양천구 가로공원로67길 6,서울특별시 양천구 신월5동  75-20,2023-04-20,37.5369768244466,126.830722607284
신월5동,서울특별시 양천구 가로공원로67길 16,서울특별시 양천구 신월5동  74-4,2023-04-20,37.5379987220591,126.830585878777
신월5동,서울특별시 양천구 화곡로12길 15,서울특별시 양천구 신월5동  72-19,2023-04-20,37.538053805981,126.831869745612
신월5동,서울특별시 양천구 화곡로12길 23-6,서울특별시 양천구 신월5동  71-20,2023-04-20,37.5373613573302,126.831848218547
신월5동,서울특별시 양천구 화곡로10길 26,서울특별시 양천구 신월5동  75-15,2023-04-20,37.5371038206354,126.831257951019
신월5동,서울특별시 양천구 가로공원로69길 7,서울특별시 양천구 신월5동  71-8,2023-04-20,37.5371981900244,126.832230904076
신월5동,서울특별시 양천구 가로공원로 149-1,서울특별시 양천구 신월5동  84-8,2023-04-20,37.5368956591077,126.832692874791
신월5동,서울특별시 양천구 월정로36길 3,서울특별시 양천구 신월5동  68-10,2023-04-20,37.5379649048512,126.833862686774
신월5동,서울특별시 양천구 월정로36길 10,서울특별시 양천구 신월5동  88-3,2023-04-20,37.5382690690437,126.834494957758
신월5동,서울특별시 양천구 월정로38길 4-2,서울특별시 양천구 신월5동  68-2,2023-04-20,37.5385203956914,126.833624296858
신월5동,서울특별시 양천구 월정로38길 11,서울특별시 양천구 신월5동  64-6,2023-04-20,37.5392991735854,126.833591790008
신월5동,서울특별시 양천구 월정로 254,서울특별시 양천구 신월5동  20-17,2023-04-20,37.540848841154,126.831965305658
신월5동,서울특별시 양천구 월정로 260,서울특별시 양천구 신월5동  20-1,2023-04-20,37.5410838997512,126.831324906301
신월5동,서울특별시 양천구 남부순환로29길 45,서울특별시 양천구 신월5동  17-5,2023-04-20,37.5401922093917,126.830714998921
신월5동,서울특별시 양천구 월정로42길 4,서울특별시 양천구 신월5동  23-27,2023-04-20,37.5400845557831,126.832685862844
신월5동,서울특별시 양천구 월정로42길 7,서울특별시 양천구 신월5동  22-15,2023-04-20,37.5405916100216,126.832920649174
신월5동,서울특별시 양천구 월정로46길 10,서울특별시 양천구 신월5동  22-17,2023-04-20,37.5406828476044,126.833088022087
신월5동,서울특별시 양천구 월정로46길 8,서울특별시 양천구 신월5동  22-14,2023-04-20,37.5406251029385,126.832649012454
신월5동,서울특별시 양천구  월정로 48길 6,서울특별시 양천구 신월5동 20-2,2023-04-20,37.5411272561285,126.831590262243
신월5동,서울특별시 양천구  월정로 50길 16-2,서울특별시 양천구 신월5동 18-11,2023-04-20,37.5414981947811,126.831651661585
신월5동,서울특별시 양천구  화곡로 5길 27,서울특별시 양천구 신월5동 9-29,2023-04-20,37.5417793833731,126.829008803753
신월5동,서울특별시 양천구  화곡로 5길 19,서울특별시 양천구 신월5동 13-2,2023-04-20,37.5412594375003,126.828401800363
신월5동,서울특별시 양천구  화곡로 3길 20-3,서울특별시 양천구 신월5동 13-14,2023-04-20,37.5411719563059,126.82753989847
신월5동,서울특별시 양천구  화곡로 3길 25-1,서울특별시 양천구 신월5동 11-11,2023-04-20,37.5417406353571,126.827395111216
신월5동,서울특별시 양천구  월정로 291-6,서울특별시 양천구 신월5동 8-3,2023-04-20,37.5429636624264,126.82826821951
신월5동,서울특별시 양천구  월정로 316,서울특별시 양천구 신월5동 4-6,2023-04-20,37.5450732478314,126.829067138403
신월5동,서울특별시 양천구  화곡로 3가길 7-16,서울특별시 양천구 신월5동 9-22,2023-04-20,37.5424811258109,126.828418462796
신월5동,서울특별시 양천구  화곡로 3,서울특별시 양천구 신월5동 ,2023-04-20,,
신월5동,서울특별시 양천구  남부순환로 27길 9-23,서울특별시 양천구 신월5동 11-14,2023-04-20,37.5416691240376,126.827106284854
신월5동,서울특별시 양천구  남분순환로 27길 9-8,서울특별시 양천구 신월5동 12-9,2023-04-20,,
신월5동,서울특별시 양천구  남부순환로 27길 12-1,서울특별시 양천구 신월5동 29-16,2023-04-20,37.5403585494465,126.826565736505
신월5동,서울특별시 양천구  남부순환로 29길 6,서울특별시 양천구 신월5동 28-2,2023-04-20,37.5398068279692,126.826538613884
신월5동,서울특별시 양천구  남부순환로 29길 17-1,서울특별시 양천구 신월5동 16-14,2023-04-20,37.5401299916754,126.827814650623
신월5동,서울특별시 양천구  화곡로 5길 11,서울특별시 양천구 신월5동 16-10,2023-04-20,37.5404864702728,126.828029948528
신월5동,서울특별시 양천구  남부순환로 27길 3,서울특별시 양천구 신월5동 11-25,2023-04-20,37.5405892289493,126.82590836201
신월6동,서울특별시 양천구  남부순환로79길 1,서울특별시 양천구 신월6동 548-4,2023-04-20,37.5167402951272,126.840129932233
신월6동,서울특별시 양천구  남부순환로80길 13,서울특별시 양천구 신월6동 1006-2,2023-04-20,37.5159243569301,126.838152412276
신월6동,서울특별시 양천구  남부순환로80길 17-1,서울특별시 양천구 신월6동 1006-7,2023-04-20,37.5157935195876,126.837618686796
신월6동,서울특별시 양천구  남부순환로80길 21-1,서울특별시 양천구 신월6동 1005-6,2023-04-20,37.5156760312246,126.837162303561
신월6동,서울특별시 양천구  남부순환로82길 24,서울특별시 양천구 신월6동 1005-8,2023-04-20,37.5154310735038,126.837049723022
신월6동,서울특별시 양천구  남부순환로82길 21-1,서울특별시 양천구 신월6동 1011-3,2023-04-20,37.5152727091616,126.837399811339
신월6동,서울특별시 양천구  남부순환로82길 16-2,서울특별시 양천구 신월6동 1006-16,2023-04-20,37.5156427927599,126.837692197558
신월6동,서울특별시 양천구  남부순환로82길 14,서울특별시 양천구 신월6동 1006-12,2023-04-20,37.5157704898667,126.838104332078
신월6동,서울특별시 양천구  남부순환로82길 12,서울특별시 양천구 신월6동 1006-23,2023-04-20,37.5158238974301,126.838351482548
신월6동,서울특별시 양천구  남부순환로82길 9-1,서울특별시 양천구 신월6동 1013-1,2023-04-20,37.5156064839553,126.83887792718
신월6동,서울특별시 양천구  남부순환로82길 5-2,서울특별시 양천구 신월6동 1013-4,2023-04-20,37.5156742416851,126.839144049869
신월6동,서울특별시 양천구  남부순환로86길 6,서울특별시 양천구 신월6동 1015-10,2023-04-20,37.5139582531944,126.840118560829
신월6동,서울특별시 양천구  남부순환로 614,서울특별시 양천구 신월6동 1015-7,2023-04-20,37.5140290217041,126.840347798306
신월7동,서울특별시 양천구  남부순환로70길 6,서울특별시 양천구 신월7동 965-10,2023-04-20,37.5221805422871,126.836051780356
신월7동,서울특별시 양천구  지양로16길 56,서울특별시 양천구 신월7동 965-14,2023-04-20,37.5224111158097,126.835927179544
신월7동,서울특별시 양천구  지양로16길 52,서울특별시 양천구 신월7동 965-8,2023-04-20,37.5226708370449,126.835770500075
신월7동,서울특별시 양천구  남부순환로 508,서울특별시 양천구 신월7동 966-21,2023-04-20,37.5230579193786,126.836038548054
신월7동,서울특별시 양천구  남부순환로 502,서울특별시 양천구 신월7동 966-6,2023-04-20,37.523500481694,126.835772188379
신월7동,서울특별시 양천구  남부순환로66길 9,서울특별시 양천구 신월7동 967-4,2023-04-20,37.5232191698395,126.834982743235
신월7동,서울특별시 양천구  남부순환로70길 16-7,서울특별시 양천구 신월7동 962-14,2023-04-20,37.5220760041907,126.834614331288
신월7동,서울특별시 양천구  지양로16길 46-6,서울특별시 양천구 신월7동 967-14,2023-04-20,37.5230892359269,126.835104977453
신월7동,서울특별시 양천구  남부순환로70길 8-9,서울특별시 양천구 신월7동 964-19,2023-04-20,37.5225066365176,126.835354905021
신월7동,서울특별시 양천구  남부순환로70길 ,서울특별시 양천구 신월7동 ,2023-04-20,37.5218744368435,126.835508104646
신월7동,서울특별시 양천구  남부순환로70길 11-4,서울특별시 양천구 신월7동 974-7,2023-04-20,37.5215097202603,126.835449855669
신월7동,서울특별시 양천구  남부순환로70길 17-8,서울특별시 양천구 신월7동 973-10,2023-04-20,37.5210454071709,126.835236736811
신월7동,서울특별시 양천구  남부순환로70길 17-6,서울특별시 양천구 신월7동 973-9,2023-04-20,37.5211495718061,126.835178476475
신월7동,서울특별시 양천구  모솔길공원 앞,서울특별시 양천구 신월7동 ,2023-04-20,,
신월7동,서울특별시 양천구  남부순환로70길 19-5,서울특별시 양천구 신월7동 973-3,2023-04-20,37.521104086405,126.834995772438
신월7동,서울특별시 양천구  남부순환로70길 20-6,서울특별시 양천구 신월7동 962-12,2023-04-20,37.5220519518632,126.834424564364
신월7동,서울특별시 양천구  지양로10길 17-15,서울특별시 양천구 신월7동 924-5,2023-04-20,37.5239175578307,126.833521545516
신월7동,서울특별시 양천구  지양로14길 12,서울특별시 양천구 신월7동 924-3,2023-04-20,37.523793248933,126.833350663004
신월7동,서울특별시 양천구  지양로14길 5-6,서울특별시 양천구 신월7동 914-1,2023-04-20,37.5238669040207,126.832362574075
신월7동,서울특별시 양천구  지양로14길 5-12,서울특별시 양천구 신월7동 914-4,2023-04-20,37.5241463089589,126.832238754755
신월7동,서울특별시 양천구  지양로16길 8,서울특별시 양천구 신월7동 914-6,2023-04-20,37.5243389047669,126.832148388145
신월7동,서울특별시 양천구  지양로 104,서울특별시 양천구 신월7동 913-5,2023-04-20,37.5242227131691,126.831541953469
신월7동,서울특별시 양천구  지양로16길 10,서울특별시 양천구 신월7동 914-7,2023-04-20,37.5243651914093,126.83232276995
신월7동,서울특별시 양천구  지양로16길 13-1,서울특별시 양천구 신월7동 916-5,2023-04-20,37.5246216893764,126.832691893776
신월7동,서울특별시 양천구  지양로16길 15,서울특별시 양천구 신월7동 916-6,2023-04-20,37.5246646523339,126.832872348071
신월7동,서울특별시 양천구  지양로16길 26-1,서울특별시 양천구 신월7동 925-10,2023-04-20,37.5241882697149,126.833877743374
신월7동,서울특별시 양천구  지양로16길 29-1,서울특별시 양천구 신월7동 926-5,2023-04-20,37.5242332793502,126.834426418124
신월7동,서울특별시 양천구  지양로16길 34,서울특별시 양천구 신월7동 925-28,2023-04-20,37.5238810087719,126.834698697923
신월7동,서울특별시 양천구  지양로10길 22,서울특별시 양천구 신월7동 927-12,2023-04-20,37.5236950626286,126.835100137212
신월7동,서울특별시 양천구  지양로10길 16-1,서울특별시 양천구 신월7동 927-8,2023-04-20,37.5235386661463,126.834661443235
신월7동,서울특별시 양천구  지양로10길 15,서울특별시 양천구 신월7동 924-14,2023-04-20,37.5236228490901,126.834360910196
신월7동,서울특별시 양천구  지양로7길 5-12,서울특별시 양천구 신월7동 952-7,2023-04-20,37.5211987039811,126.833527812801
신월7동,서울특별시 양천구  지양로7길 13-4,서울특별시 양천구 신월7동 954-3,2023-04-20,37.5210380772553,126.833032698635
신월7동,서울특별시 양천구  지양로9길 19,서울특별시 양천구 신월7동 941-8,2023-04-20,37.5209604462767,126.832040912495
신월7동,서울특별시 양천구  지양로7길 17-4,서울특별시 양천구 신월7동 955-4,2023-04-20,37.5207646497381,126.832733085246
신월7동,서울특별시 양천구  지양로7길 19,서울특별시 양천구 신월7동 955-8,2023-04-20,37.5207180561143,126.832406948994
신월7동,서울특별시 양천구  양천중학교 정문 앞,서울특별시 양천구 신월7동 ,2023-04-20,,
신월7동,서울특별시 양천구  지양로7길 31,서울특별시 양천구 신월7동 957-9,2023-04-20,37.5198038383232,126.831603810036
신월7동,서울특별시 양천구  지양로7길 35,서울특별시 양천구 신월7동 957-7,2023-04-20,37.5195697263863,126.831518478819
신월7동,서울특별시 양천구  지양로7길 37-1,서울특별시 양천구 신월7동 957-20,2023-04-20,37.5193218194046,126.831426392047
신월7동,서울특별시 양천구  지양로7길 43,서울특별시 양천구 신월7동 957-13,2023-04-20,37.5189495103007,126.831289678011
신월7동,서울특별시 양천구  지양로7길 27-20,서울특별시 양천구 신월7동 957-2,2023-04-20,37.5190148637652,126.831500609403
신월7동,서울특별시 양천구  지양로7길 27-8,서울특별시 양천구 신월7동 957-17,2023-04-20,37.5197207368874,126.83177311007
신월7동,서울특별시 양천구  지양로7길 28-2,서울특별시 양천구 신월7동 947-1,2023-04-20,37.5204135687975,126.83149316555
신월7동,서울특별시 양천구  지양로7길 28-8,서울특별시 양천구 신월7동 947-18,2023-04-20,37.5206227100808,126.831127768128
신월7동,서울특별시 양천구  지양로7길 28-14,서울특별시 양천구 신월7동 947-19,2023-04-20,37.5208365652114,126.830720277033
신월7동,서울특별시 양천구  지양로7길 24-17,서울특별시 양천구 신월7동 947-15,2023-04-20,37.5210311822885,126.830720742323
신월7동,서울특별시 양천구  지양로11길 22-2,서울특별시 양천구 신월7동 944-1,2023-04-20,37.5213604632234,126.831325878361
신월7동,서울특별시 양천구  지양로11길 16-15,서울특별시 양천구 신월7동 944-2,2023-04-20,37.5216125068221,126.830782324863
신월7동,서울특별시 양천구  지양로11길 16-9,서울특별시 양천구 신월7동 944-3,2023-04-20,37.5216814747676,126.831062938427
신월7동,서울특별시 양천구  지양로11길 12,서울특별시 양천구 신월7동 935-9,2023-04-20,37.5218818930894,126.831972104668
신월7동,서울특별시 양천구  지양로11길 4,서울특별시 양천구 신월7동 933-8,2023-04-20,37.5225156373657,126.832528721509
신월7동,서울특별시 양천구  양지근린공원 앞,서울특별시 양천구 신월7동 ,2023-04-20,,
신월7동,서울특별시 양천구  지양로13길 14,서울특별시 양천구 신월7동 912-3,2023-04-20,37.5226326935565,126.830644385533
신월7동,서울특별시 양천구  지양로13길 20,서울특별시 양천구 신월7동 911-3,2023-04-20,37.5224392216748,126.830186447022
신월7동,서울특별시 양천구  지양로13길 21,서울특별시 양천구 신월7동 352-17,2023-04-20,37.5220289224537,126.830198236718
신월7동,서울특별시 양천구  지양로15길 22,서울특별시 양천구 신월7동 350,2023-04-20,37.52251060101,126.829449964646
신월7동,서울특별시 양천구  지양로15길 13,서울특별시 양천구 신월7동 911-10,2023-04-20,37.5227881535717,126.830544711371
신월7동,서울특별시 양천구  지양로15길 15-1,서울특별시 양천구 신월7동 ,2023-04-20,,
신월7동,서울특별시 양천구  지양로15길 7,서울특별시 양천구 신월7동 912-7,2023-04-20,37.5230770943751,126.831166580982
신월7동,서울특별시 양천구  지양로15길 1,서울특별시 양천구 신월7동 912-13,2023-04-20,37.5232943652652,126.831636011153
신월7동,서울특별시 양천구  지양로2길 37,서울특별시 양천구 신월7동 991-8,2023-04-20,37.5196699038609,126.836379210848
신월7동,서울특별시 양천구  지양로2길 38,서울특별시 양천구 신월7동 997-2,2023-04-20,37.5199327176186,126.836633382258
신월7동,서울특별시 양천구  지양로2길 36-3,서울특별시 양천구 신월7동 996-17,2023-04-20,37.5199428463822,126.837051902671
신월7동,서울특별시 양천구  지양로2길 ,서울특별시 양천구 신월7동 ,2023-04-20,37.5187036287167,126.837852642958
신월7동,서울특별시 양천구  남부순환로74길 9,서울특별시 양천구 신월7동 995-3,2023-04-20,37.5192625650443,126.837360838266
신월7동,서울특별시 양천구  지양로2길 11,서울특별시 양천구 신월7동 993-14,2023-04-20,37.5179474001662,126.838102796416
신월7동,서울특별시 양천구  신월로5길 28,서울특별시 양천구 신월7동 981-8,2023-04-20,37.5170335905405,126.837765085648
신월7동,서울특별시 양천구  신월로5길 20,서울특별시 양천구 신월7동 981-11,2023-04-20,37.516795899577,126.837040420954
신월7동,서울특별시 양천구  신월로7길 2,서울특별시 양천구 신월7동 981-5,2023-04-20,37.516745854909,126.836881603529
신월7동,서울특별시 양천구  신월로5길 4,서울특별시 양천구 신월7동 982-7,2023-04-20,37.5163776127003,126.835644935589
신월7동,서울특별시 양천구  신월로5길 10,서울특별시 양천구 신월7동 982-15,2023-04-20,37.516457781645,126.835889539181
신월7동,서울특별시 양천구  신월로5길 14-1,서울특별시 양천구 신월7동 982-10,2023-04-20,37.5166290974582,126.836499643465
신월7동,서울특별시 양천구  신월로7길 12-1,서울특별시 양천구 신월7동 984-3,2023-04-20,37.5171575406356,126.837155577822
신월7동,서울특별시 양천구  신월로7길 16,서울특별시 양천구 신월7동 984-2,2023-04-20,37.517324333175,126.837429520807
신월7동,서울특별시 양천구  지양로3길 3,서울특별시 양천구 신월7동 986-16,2023-04-20,37.518657210794,126.836663763747
신정1동,서울특별시 양천구 중앙로218,서울특별시 양천구 신정1동 1052-11,2023-04-20,37.5160979537585,126.854986990921
신정1동,서울특별시 양천구 중앙로222-10,서울특별시 양천구 신정2동 1052-40,2023-04-20,37.5165618521568,126.855184496127
신정1동,서울특별시 양천구 중앙로32길 1,서울특별시 양천구 신정1동 1051-11,2023-04-20,37.5185718753061,126.854286078199
신정1동,서울특별시 양천구 중앙로34가길1,서울특별시 양천구 신정1동 1050-32,2023-04-20,37.5189744456043,126.854288010218
신정1동,서울특별시 양천구 중앙로36길10,서울특별시 양천구 신정1동 1050-6,2023-04-20,37.5193318396971,126.854992836553
신정1동,서울특별시 양천구 중앙로36길8-1,서울특별시 양천구 신정1동 1050-4,2023-04-20,37.5192282730404,126.854812386662
신정1동,서울특별시 양천구 중앙로36길16-1,서울특별시 양천구 신정1동 1049-1,2023-04-20,,
신정1동,서울특별시 양천구 중앙로36길28-1,서울특별시 양천구 신정1동 1049-28,2023-04-20,,
신정1동,서울특별시 양천구 중앙로36길20,서울특별시 양천구 신정1동 1049-2,2023-04-20,,
신정1동,서울특별시 양천구 은행정로5길42,서울특별시 양천구 신정1동 1029-19,2023-04-20,37.5209099012105,126.855103808698
신정1동,서울특별시 양천구 은행정로5길38,서울특별시 양천구 신정1동 1028-22,2023-04-20,37.5209556628136,126.855684936663
신정1동,서울특별시 양천구 은행정로5길24,서울특별시 양천구 신정1동 1027-29,2023-04-20,37.5211333760691,126.857196801492
신정1동,서울특별시 양천구 은행정로9,서울특별시 양천구 신정1동 1024-22,2023-04-20,37.5205264170438,126.859792263891
신정1동,서울특별시 양천구 은행정로6길7,서울특별시 양천구 신정1동 1018-10,2023-04-20,37.5215215293894,126.860591871241
신정1동,서울특별시 양천구 신월로38길7,서울특별시 양천구 신정1동 1016-23,2023-04-20,37.5213119272146,126.86125583307
신정1동,서울특별시 양천구 신월로38길9,서울특별시 양천구 신정1동 1016-22,2023-04-20,37.5212055464598,126.861279333091
신정1동,서울특별시 양천구 중앙로32길67,서울특별시 양천구 신정1동 1021-7,2023-04-20,37.5204658133251,126.860964078548
신정1동,서울특별시 양천구 신월로372-1,서울특별시 양천구 신정1동 1014-4,2023-04-20,37.5217779487784,126.862508479417
신정3동,서울특별시 양천구 신월로 228,서울특별시 양천구 신정3동 1194-1,2023-04-20,37.5219484313876,126.847056857492
신정3동,서울특별시 양천구 중앙로45길 22-15,서울특별시 양천구 신정3동 1192-5,2023-04-20,37.5218410202954,126.850709575249
신정3동,서울특별시 양천구 중앙로45길 27-16,서울특별시 양천구 신정3동 1198-19,2023-04-20,37.5209471614716,126.849593266983
신정3동,서울특별시 양천구 중앙로45길 31-15,서울특별시 양천구 신정3동 1198-5,2023-04-20,37.5213380116854,126.848883887977
신정3동,서울특별시 양천구 중앙로29길 108,서울특별시 양천구 신정3동 1198-3,2023-04-20,37.5210992335273,126.84859262957
신정3동,서울특별시 양천구 중앙로29길120-24,서울특별시 양천구 신정3동 1196-10,2023-04-20,37.5216799565141,126.84812256444
신정3동,서울특별시 양천구 중앙로29길120-13,서울특별시 양천구 신정3동 1194-5,2023-04-20,37.5220071287209,126.84799678752
신정3동,서울특별시 양천구 중앙로29길98,서울특별시 양천구 신정3동 1198-33,2023-04-20,37.5201734932616,126.848764066978
신정3동,서울특별시 양천구 중앙로29길88,서울특별시 양천구 신정3동 1216-1,2023-04-20,37.5193267320395,126.848694284984
신정3동,서울특별시 양천구 중앙로39길,서울특별시 양천구 신정3동 ,2023-04-20,37.5193716959357,126.849685227548
신정3동,서울특별시 양천구 중앙로29길82,서울특별시 양천구 신정3동 1216-6,2023-04-20,37.5187685517771,126.848687041328
신정3동,서울특별시 양천구 중앙로47길54,서울특별시 양천구 신정3동 1219-8,2023-04-20,37.517137932054,126.848980135433
신정3동,서울특별시 양천구 중앙로29길 52,서울특별시 양천구 신정3동 1160-36,2023-04-20,37.516284584932,126.848692735477
신정3동,서울특별시 양천구중앙로47길 46,서울특별시 양천구 신정3동 1220-7,2023-04-20,37.5175698881389,126.849344969053
신정3동,서울특별시 양천구 중앙로29가길9,서울특별시 양천구 신정3동 1160-9,2023-04-20,37.5173051724985,126.850123171186
신정3동,서울특별시 양천구 중앙로25길48,서울특별시 양천구 신정3동 1157-7,2023-04-20,37.5154444725501,126.848960812321
신정3동,서울특별시 양천구 중앙로25길40,서울특별시 양천구 신정3동 1156-3,2023-04-20,37.5155099892849,126.849748737992
신정3동,서울특별시 양천구 중앙로25길28,서울특별시 양천구 신정3동 1155-18,2023-04-20,37.5155982482525,126.851140869631
신정3동,서울특별시 양천구 중앙로25길24,서울특별시 양천구 신정3동 1153-33,2023-04-20,37.5156376735853,126.851683168707
신정3동,서울특별시 양천구 중앙로25길38-6,서울특별시 양천구 신정3동 1158-7,2023-04-20,37.5159185216595,126.849904354957
신정3동,서울특별시 양천구 중앙로29길43-2,서울특별시 양천구 신정3동 1157-27,2023-04-20,37.5159789401539,126.849307785791
신정3동,서울특별시 양천구 중앙로29길40-3,서울특별시 양천구 신정3동 1159-28,2023-04-20,37.5163518209548,126.84955577411
신정3동,서울특별시 양천구 중앙로29길29-1,서울특별시 양천구 신정3동 1155-47,2023-04-20,37.5165315154567,126.850790510191
신정3동,서울특별시 양천구 중앙로29길23,서울특별시 양천구 신정3동 1154-4,2023-04-20,37.5166675288262,126.851546863406
신정3동,서울특별시 양천구 남부순환로645,서울특별시 양천구 신정3동 733-53,2023-04-20,37.511518525711,126.842202443346
신정3동,서울특별시 양천구 목동로11길20,서울특별시 양천구 신정4동 1003-9,2023-04-20,37.5233398465016,126.862827679386
신정4동,서울특별시 양천구,서울특별시 양천구 신정4동 1059-29,2023-04-20,37.5169884752607,126.866501409661
신정4동,서울특별시 양천구 중앙로46길 58,서울특별시 양천구 신정4동 980-6 ,2023-04-20,37.5226461064764,126.858576289987
신정4동,서울특별시 양천구 중앙로46길 63,서울특별시 양천구 신정4동 956-10,2023-04-20,37.5229346220511,126.859116365661
신정4동,서울특별시 양천구 목동로11길20,서울특별시 양천구 신정4동 1003-9,2023-04-20,37.5233398465016,126.862827679386
신정4동,서울특별시 양천구 목동로46길27,서울특별시 양천구 신정4동 ,2023-04-20,,
신정4동,서울특별시 양천구 오목로24길2,서울특별시 양천구 신정4동 943-3,2023-04-20,37.5239083143855,126.851595641323
신정4동,서울특별시 양천구 중앙로48길6,서울특별시 양천구 신정4동 970-1,2023-04-20,37.5230063948901,126.852373120729
신정4동,서울특별시 양천구 중앙로48길13,서울특별시 양천구 신정4동 945-27,2023-04-20,37.5233776546149,126.852916293247
신정4동,서울특별시 양천구 오목로30길1,서울특별시 양천구 신정4동 946-46,2023-04-20,37.5243407673083,126.853449376534
신정4동,서울특별시 양천구 오목로29길5,서울특별시 양천구 신정4동 928-27,2023-04-20,37.5252080209504,126.853336136281
신정4동,서울특별시 양천구 중앙로52길16-11,서울특별시 양천구 신정4동 940-49,2023-04-20,37.5250290660636,126.851951242892
신정4동,서울특별시 양천구 오목로139,서울특별시 양천구 신정4동 928-8,2023-04-20,37.5247152725135,126.852908915891
신정4동,서울특별시 양천구 중앙로52길8-15,서울특별시 양천구 신정4동 940-28,2023-04-20,37.5251143813075,126.851584654575
신정4동,서울특별시 양천구 중앙로322,서울특별시 양천구 신정4동 942-16,2023-04-20,37.5248078669807,126.850803101996
신정4동,서울특별시 양천구 중앙로334,서울특별시 양천구 신정4동 939-4,2023-04-20,37.5258533689407,126.850217729136
신정4동,서울특별시 양천구 중앙로328,서울특별시 양천구 신정4동 939-7,2023-04-20,37.5253740542433,126.850516439843
신정4동,서울특별시 양천구 중앙로350,서울특별시 양천구 신정4동 938-9,2023-04-20,37.5271999046723,126.849571323917
신정4동,서울특별시 양천구 신정중앙로13,서울특별시 양천구 신정4동 872-8,2023-04-20,37.5279519557041,126.853429188773
신정4동,서울특별시 양천구 신정중앙로24,서울특별시 양천구 신정4동 926-4,2023-04-20,37.5274912184346,126.854258096148
신정4동,서울특별시 양천구 신정중앙로28,서울특별시 양천구 신정4동 919-2,2023-04-20,37.5273529437887,126.854793700141
신정4동,서울특별시 양천구 중앙로15길5-11,서울특별시 양천구 신정4동 874-1,2023-04-20,,
신정4동,서울특별시 양천구 중앙로15길2,서울특별시 양천구 신정4동 875-13,2023-04-20,,
신정4동,서울특별시 양천구 은행정로19길22,서울특별시 양천구 신정4동 875-16,2023-04-20,37.5278121936964,126.856274719472
신정4동,서울특별시 양천구 신정중앙로6-3,서울특별시 양천구 신정4동 875-9,2023-04-20,,
신정4동,서울특별시 양천구 은행정로19가길14-1,서울특별시 양천구 신정4동 875-19,2023-04-20,37.5283922745875,126.856956134136
신정4동,서울특별시 양천구 은행정로97,서울특별시 양천구 신정4동 880-6,2023-04-20,37.5283603850524,126.858456669152
신정4동,서울특별시 양천구 은행정로92,서울특별시 양천구 신정4동 884-1,2023-04-20,37.5279749582003,126.858850982787
신정4동,서울특별시 양천구 신정중앙로21길37,서울특별시 양천구 신정4동 885-1,2023-04-20,37.5273158080828,126.859020563336
신정4동,서울특별시 양천구 국회대로224,서울특별시 양천구 신정4동 881-6,2023-04-20,37.5288219527631,126.859803663922
신정4동,서울특별시 양천구 은행정로20길5-17,서울특별시 양천구 신정4동 881-18,2023-04-20,37.5286968607625,126.859624129955
신정4동,서울특별시 양천구 목동로25길33-1,서울특별시 양천구 신정4동 891-12,2023-04-20,37.5286949593836,126.860452605308
신정4동,서울특별시 양천구 중앙로17길15,서울특별시 양천구 신정4동 882-11,2023-04-20,,
신정4동,서울특별시 양천구 목동로25길34,서울특별시 양천구 신정4동 894-1,2023-04-20,37.5286455177502,126.860930683352
신정4동,서울특별시 양천구 목동로29길15,서울특별시 양천구 신정4동 894-13,2023-04-20,37.5287516056182,126.861655215929
신정4동,서울특별시 양천구 국회대로8길8,서울특별시 양천구 신정4동 894-20,2023-04-20,37.528734352111,126.862002339538
신정4동,서울특별시 양천구 국회대로246,서울특별시 양천구 신정4동 897-1,2023-04-20,37.5291164130075,126.86226512356
신정4동,서울특별시 양천구 목동로29길1,서울특별시 양천구 신정4동 896-7,2023-04-20,37.5289230893517,126.863222246405
신정4동,서울특별시 양천구 국회대로10길2,서울특별시 양천구 신정4동 897-7,2023-04-20,37.5292387673333,126.863193952237
신정4동,서울특별시 양천구 목동로23길12,서울특별시 양천구 신정4동 890-29,2023-04-20,37.5274503370144,126.862312534268
신정4동,서울특별시 양천구 목동로23길14-1,서울특별시 양천구 신정4동 890-4,2023-04-20,37.5275259403774,126.861857608377
신정4동,서울특별시 양천구 목동로23길34,서울특별시 양천구 신정4동 883,2023-04-20,37.5279445415474,126.859714008753
신정4동,서울특별시 양천구 신정중앙로17길10,서울특별시 양천구 신정4동 891-3,2023-04-20,37.5277729995688,126.860253288221
신정4동,서울특별시 양천구 신정중앙로55,서울특별시 양천구 신정4동 878-16,2023-04-20,37.5272729985852,126.858032786707
신정4동,서울특별시 양천구 신정중앙로21길12,서울특별시 양천구 신정4동 888-7,2023-04-20,37.5270395390037,126.862053881433
신정4동,서울특별시 양천구 신정중앙로53,서울특별시 양천구 신정4동 878-23,2023-04-20,37.5272938707271,126.857632716921
신정4동,서울특별시 양천구 신정중앙로41,서울특별시 양천구 신정4동 877-12,2023-04-20,37.5274978693021,126.856377479857
신정4동,서울특별시 양천구 신정중앙로46,서울특별시 양천구 신정4동 912-4,2023-04-20,37.5271224980616,126.856588282792
신정4동,서울특별시 양천구 은행정로18길16-1,서울특별시 양천구 신정4동 903-9,2023-04-20,37.5262294552746,126.860754275123
신정4동,서울특별시 양천구 오목로203-2,서울특별시 양천구 신정4동 907-9,2023-04-20,37.525976924134,126.860008660492
신정4동,서울특별시 양천구 목동로21길1,서울특별시 양천구 신정4동 993-3,2023-04-20,37.525390183399,126.863620684796
신정4동,서울특별시 양천구 목동로177,서울특별시 양천구 신정4동 995-6,2023-04-20,37.5243130726645,126.864513740822
신정4동,서울특별시 양천구 목동로9길7,서울특별시 양천구 신정4동 1009-3,2023-04-20,37.5228367760464,126.863804294908
신정4동,서울특별시 양천구 목동로9길22,서울특별시 양천구 신정4동 1011-5,2023-04-20,37.5228228142743,126.862176466264
신정4동,서울특별시 양천구 목동로9길38,서울특별시 양천구 신정4동 983-9,2023-04-20,37.5226501461085,126.860381284303
신정4동,서울특별시 양천구 은행정로7길16,서울특별시 양천구 신정4동 979-13,2023-04-20,37.5223172336176,126.857819890244
신정4동,서울특별시 양천구 은행정로7길21,서울특별시 양천구 신정4동 978-4,2023-04-20,37.5220731394661,126.857286413646
신정4동,서울특별시 양천구 은행정로7길36,서울특별시 양천구 신정4동 975-24,2023-04-20,37.5220818070629,126.855743740836
신정4동,서울특별시 양천구 은행정로7길39,서울특별시 양천구 신정4동 976-5,2023-04-20,37.5218964398809,126.855276449027
신정4동,서울특별시 양천구 오목로30길34,서울특별시 양천구 신정4동 974-21,2023-04-20,37.5219777603067,126.854583641719
신정4동,서울특별시 양천구 은행정로7길39-1,서울특별시 양천구 신정4동 976-3,2023-04-20,37.5218335843113,126.855084035986
신정4동,서울특별시 양천구 은행정로7길49,서울특별시 양천구 신정4동 973-22,2023-04-20,37.5217071336355,126.854027152834
신정4동,서울특별시 양천구 중앙로46길12-5,서울특별시 양천구 신정4동 974-3,2023-04-20,37.5219414201146,126.853684047935
신정4동,서울특별시 양천구 중앙로46길23,서울특별시 양천구 신정4동 965-14,2023-04-20,37.5224144553769,126.854713338519
신정4동,서울특별시 양천구 중앙로46길45,서울특별시 양천구 신정4동 959-21,2023-04-20,37.5226895781547,126.857189649895
신정4동,서울특별시 양천구 중앙로46길55,서울특별시 양천구 신정4동 958-20,2023-04-20,37.5228088143436,126.858189664578
신정4동,서울특별시 양천구 중앙로46길56,서울특별시 양천구 신정4동 980-2,2023-04-20,37.5226636348315,126.858391525849
신정4동,서울특별시 양천구 중앙로46길63,서울특별시 양천구 신정4동 956-10,2023-04-20,37.5229346220511,126.859116365661
신정4동,서울특별시 양천구 목동로17길40,서울특별시 양천구 신정4동 985-14,2023-04-20,37.5242628628211,126.859632551384
신정4동,서울특별시 양천구 오목로42길12,서울특별시 양천구 신정4동 985-17,2023-04-20,37.5243466262199,126.860291354992
신정4동,서울특별시 양천구 목동로17길28,서울특별시 양천구 신정4동 1000-5,2023-04-20,37.524344713571,126.860884592726
신정4동,서울특별시 양천구 목동로17길3,서울특별시 양천구 신정4동 997-5,2023-04-20,37.5244700826738,126.86377870049
신정4동,서울특별시 양천구 목동로17길1,서울특별시 양천구 신정4동 997-12,2023-04-20,37.5244832009226,126.86390345515
신정4동,서울특별시 양천구 목동로19길8,서울특별시 양천구 신정4동 993-7,2023-04-20,37.5251167873479,126.86351484269
신정4동,서울특별시 양천구 목동로21길21,서울특별시 양천구 신정4동 989-9,2023-04-20,37.5251132437657,126.86132368387
신정4동,서울특별시 양천구 목동로21길16,서울특별시 양천구 신정4동 991-13,2023-04-20,37.5253825103903,126.861979440041
신정4동,서울특별시 양천구 목동로21길16-1,서울특별시 양천구 신정4동 991-14,2023-04-20,37.5253572272757,126.861855272293
신정4동,서울특별시 양천구 목동로21길14,서울특별시 양천구 신정4동 991-11,2023-04-20,37.5254200345621,126.862247370898
신정4동,서울특별시 양천구 목동로19길43,서울특별시 양천구 신정4동 985-3,2023-04-20,37.5244269190989,126.859694802909
신정4동,서울특별시 양천구 중앙로48길67,서울특별시 양천구 신정4동 954-24,2023-04-20,37.5245821723311,126.858947310777
신정4동,서울특별시 양천구 중앙로48길46,서울특별시 양천구 신정4동 962-8,2023-04-20,37.5240344730605,126.856347240429
신정4동,서울특별시 양천구 오목로38길6,서울특별시 양천구 신정4동 950-5,2023-04-20,37.5244331602837,126.856342290302
신정4동,서울특별시 양천구 은행정로13길14,서울특별시 양천구 신정4동 952-8,2023-04-20,37.5248086628917,126.857652938079
신정4동,서울특별시 양천구 은행정로13길6,서울특별시 양천구 신정4동 953-16,2023-04-20,37.5249474376852,126.858494793119
신정4동,서울특별시 양천구 은행정로11길13-1,서울특별시 양천구 신정4동 958-1,2023-04-20,37.5238271027304,126.85772030268
신정4동,서울특별시 양천구 오목로40길20,서울특별시 양천구 신정4동 959-10,2023-04-20,37.5230496329026,126.857649379552
신정4동,서울특별시 양천구 은행정로11나길2-1,서울특별시 양천구 신정4동 958-8,2023-04-20,37.5237328220691,126.857989946293
신정4동,서울특별시 양천구 은행정로11가길6,서울특별시 양천구 신정4동 957-7,2023-04-20,37.5236631610432,126.8587299174
신정4동,서울특별시 양천구 은행정로11나길7,서울특별시 양천구 신정4동 957-22,2023-04-20,37.5233742420166,126.858380680281
신정4동,서울특별시 양천구 목동로11길39,서울특별시 양천구 신정4동 983-5,2023-04-20,37.522906287673,126.860522551487
신정4동,서울특별시 양천구 목동로11길24,서울특별시 양천구 신정4동 1003-12,2023-04-20,37.5233020268677,126.862382263561
신정4동,서울특별시 양천구 오목로48길29,서울특별시 양천구 신정4동 1011-1,2023-04-20,37.5232193718193,126.863362526701
신정4동,서울특별시 양천구 목동로13길6-1,서울특별시 양천구 신정4동 1005-13,2023-04-20,37.5237814074837,126.863588318173
신정4동,서울특별시 양천구 오목로48길22,서울특별시 양천구 신정4동 1002-7,2023-04-20,37.5238866344958,126.863034716229
신정4동,서울특별시 양천구 목동로13길9,서울특별시 양천구 신정4동 1003-6,2023-04-20,37.5235418735064,126.863079917766
신정4동,서울특별시 양천구 목동로13길15,서울특별시 양천구 신정4동 1003-2,2023-04-20,37.5234636429697,126.862516698512
신정4동,서울특별시 양천구 오목로46길23,서울특별시 양천구 신정4동 1002-18,2023-04-20,37.5236202032402,126.862024090438
신정4동,서울특별시 양천구 오목로34길15-11,서울특별시 양천구 신정4동 962-11,2023-04-20,37.523927405837,126.856398126004
신정4동,서울특별시 양천구 오목로34길16,서울특별시 양천구 신정4동 963-8,2023-04-20,37.5234749731506,126.855552818534
신정4동,서울특별시 양천구 오목로38길20,서울특별시 양천구 신정4동 963-30,2023-04-20,37.5232456659735,126.856289588689
신정4동,서울특별시 양천구 오목로32길23-9,서울특별시 양천구 신정4동 963-25,2023-04-20,37.522991243804,126.855715405648
신정4동,서울특별시 양천구 오목로32길23-2,서울특별시 양천구 신정4동 964-3,2023-04-20,37.5227865487385,126.855430953828
신정4동,서울특별시 양천구 오목로32길22,서울특별시 양천구 신정4동 965-19,2023-04-20,37.5229481146845,126.855003259018
신정4동,서울특별시 양천구 오목로32길17-3,서울특별시 양천구 신정4동 963-14,2023-04-20,37.5233632061451,126.855444207975
신정4동,서울특별시 양천구 오목로34길6-2,서울특별시 양천구 신정4동 948-20,2023-04-20,37.5243434291778,126.855389599842
신정4동,서울특별시 양천구 중앙로48길33,서울특별시 양천구 신정4동 948-13,2023-04-20,37.5240059057258,126.855162302933
신정4동,서울특별시 양천구 오목로32길10,서울특별시 양천구 신정4동 946-17,2023-04-20,37.5238910032758,126.854775296205
신정4동,서울특별시 양천구 중앙로48길16-1,서울특별시 양천구 신정4동 967-10,2023-04-20,37.5232324341666,126.853440571401
신정4동,서울특별시 양천구 은행정로17길6,서울특별시 양천구 신정4동 911-11,2023-04-20,37.5266638870877,126.858228976757
신정4동,서울특별시 양천구 은행정로17길22-1,서울특별시 양천구 신정4동 912-14,2023-04-20,37.5269368795493,126.856504016763
신정4동,서울특별시 양천구 신정중앙로12길2,서울특별시 양천구 신정4동 926-5,2023-04-20,37.5273558174618,126.854346940999
신정4동,서울특별시 양천구 신정중앙로12길4,서울특별시 양천구 신정4동 926-6,2023-04-20,37.527232966502,126.85431086493
신정4동,서울특별시 양천구 오목로29길26,서울특별시 양천구 신정4동 925-48,2023-04-20,37.5269486018393,126.853939106488
신정4동,서울특별시 양천구 오목로29길20,서울특별시 양천구 신정4동 925-33,2023-04-20,37.5262942181322,126.853804401044
신정4동,서울특별시 양천구 오목로29길21-6,서울특별시 양천구 신정4동 927-16,2023-04-20,37.5267140549043,126.853271758344
신정4동,서울특별시 양천구 중앙로20길13,서울특별시 양천구 신정4동 ,2023-04-20,,
신정4동,서울특별시 양천구 은행정로17길55,서울특별시 양천구 신정4동 931-1,2023-04-20,37.5272789713666,126.852755907209
신정4동,서울특별시 양천구 은행정로17길56,서울특별시 양천구 신정4동 934-9,2023-04-20,37.527528575334,126.852560604891
신정4동,서울특별시 양천구 은행정로17길62,서울특별시 양천구 신정4동 934-12,2023-04-20,37.5275980636119,126.852145050454
신정4동,서울특별시 양천구 중앙로2길5,서울특별시 양천구 신정4동 933-1,2023-04-20,,
신정4동,서울특별시 양천구 오목로23길38,서울특별시 양천구 신정4동 936-1,2023-04-20,37.5273518939603,126.85005974376
신정4동,서울특별시 양천구 오목로23길30,서울특별시 양천구 신정4동 937-1,2023-04-20,37.5268541298176,126.850374675936
신정4동,서울특별시 양천구 오목로23길25-1,서울특별시 양천구 신정4동 939-18,2023-04-20,37.526350028992,126.850310972824
신정4동,서울특별시 양천구 중앙로54길19-1,서울특별시 양천구 신정4동 932-8,2023-04-20,37.5266017192048,126.851987390972
신정4동,서울특별시 양천구 중앙로54길22,서울특별시 양천구 신정4동 930-17,2023-04-20,37.5262965591873,126.852210519047
신정4동,서울특별시 양천구 중앙로52길29,서울특별시 양천구 신정4동 925-23,2023-04-20,37.5258019515437,126.853618925984
신정4동,서울특별시 양천구 중앙로52길28,서울특별시 양천구 신정4동 928-31,2023-04-20,37.5255558582774,126.853304458226
신정4동,서울특별시 양천구 중앙로52길41,서울특별시 양천구 신정4동 920-20,2023-04-20,37.5259750179162,126.85506708802
신정4동,서울특별시 양천구 오목로159-17,서울특별시 양천구 신정4동 923-37,2023-04-20,37.5256932020672,126.854934481214
신정4동,서울특별시 양천구 오목로37길9,서울특별시 양천구 신정4동 917-3,2023-04-20,37.5259476113288,126.856085412341
신정4동,서울특별시 양천구 중앙로52길55,서울특별시 양천구 신정4동 914-13,2023-04-20,37.5261641082118,126.856592606326
신정4동,서울특별시 양천구 중앙로52길62,서울특별시 양천구 신정4동 915-4,2023-04-20,37.5260357664797,126.857155102243
신정4동,서울특별시 양천구 은행정로15길15,서울특별시 양천구 신정4동 916-9,2023-04-20,37.5256425038052,126.85732441315
신정4동,서울특별시 양천구 중앙로52길72-1,서울특별시 양천구 신정4동 909-9,2023-04-20,37.5261889558752,126.858368006111
신정4동,서울특별시 양천구 중앙로52길73,서울특별시 양천구 신정4동 910-9,2023-04-20,37.5264290114947,126.858617681404
신정7동,서울특별시 양천구 신목로77,서울특별시 양천구 신정7동 87-39,2023-04-20,37.5220763794437,126.873405169589
신정7동,서울특별시 양천구 신목로5길6-10,서울특별시 양천구 신정7동 144-68,2023-04-20,37.5182789330244,126.872993617356
신정7동,서울특별시 양천구 목동동로10길16-5,서울특별시 양천구 신정7동 134-25,2023-04-20,37.5188940325299,126.871895103449
신정7동,서울특별시 양천구 신목로5길15,서울특별시 양천구 신정7동 281-25,2023-04-20,37.5175661485796,126.872240680683
신정7동,서울특별시 양천구 목동동로8길31-8,서울특별시 양천구 신정7동 282-53,2023-04-20,37.516359830113,126.872439216648
신정7동,서울특별시 양천구 목동동로10길12-8,서울특별시 양천구 신정7동 294-34,2023-04-20,37.5184153147592,126.870805923217
신정7동,서울특별시 양천구 신목로6길6-13,서울특별시 양천구 신정7동 128-98,2023-04-20,37.5188694994201,126.874218363288
신정7동,서울특별시 양천구 신목로6길6-6,서울특별시 양천구 신정7동 128-95,2023-04-20,37.519147928157,126.873898110094
신정7동,서울특별시 양천구 신목로58-13,서울특별시 양천구 신정7동 89-134,2023-04-20,37.5203716273075,126.874027157154
신정7동,서울특별시 양천구 신목로58-17,서울특별시 양천구 신정7동 89-127,2023-04-20,37.5204191095504,126.874364967845
신정7동,서울특별시 양천구 신목로12길12,서울특별시 양천구 신정7동 89-114,2023-04-20,37.5207308103294,126.874491140547
신정7동,서울특별시 양천구 신목로12길2,서울특별시 양천구 신정7동 89-152,2023-04-20,37.5213325528154,126.874033233892
신정7동,서울특별시 양천구 신목로12길11,서울특별시 양천구 신정7동 120-75,2023-04-20,37.520687998737,126.874817565671
신정7동,서울특별시 양천구 신목로4길11,서울특별시 양천구 신정7동 128-168,2023-04-20,37.5190619109164,126.874771754453
신정7동,서울특별시 양천구 신목로2길7-10,서울특별시 양천구 신정7동 ,2023-04-20,,
신정7동,서울특별시 양천구 신목로2길7,서울특별시 양천구 신정7동 130-1,2023-04-20,37.5185022340793,126.875991982951
신정7동,서울특별시 양천구 신목로2길17,서울특별시 양천구 신정7동 127-71,2023-04-20,37.5193273311622,126.876210407166
신정7동,서울특별시 양천구 신목로2길21,서울특별시 양천구 신정7동 127-60,2023-04-20,37.5196144386318,126.876342282266
신정7동,서울특별시 양천구 목동남로68,서울특별시 양천구 신정7동 210-4,2023-04-20,37.5096903934278,126.866621970256
신정7동,서울특별시 양천구 중앙로14길15,서울특별시 양천구 신정7동 ,2023-04-20,,
신정7동,서울특별시 양천구 중앙로14길31,서울특별시 양천구 신정7동 ,2023-04-20,,
신정7동,서울특별시 양천구 목동남로2길15,서울특별시 양천구 신정7동 202-7,2023-04-20,37.5079549087533,126.864431793073
신정7동,서울특별시 양천구 목동남로2길21,서울특별시 양천구 신정7동 202-13,2023-04-20,37.507778322619,126.864519652801
신정7동,서울특별시 양천구 목동남로2길47,서울특별시 양천구 신정7동 192-2,2023-04-20,37.5066120861635,126.864304722461
신정7동,서울특별시 양천구 목동남로2길50-3,서울특별시 양천구 신정7동 190-18,2023-04-20,37.5063584958828,126.863871785604
신정7동,서울특별시 양천구 목동남로2길58,서울특별시 양천구 신정7동 191-3,2023-04-20,37.5061471498501,126.864132296628
신정7동,서울특별시 양천구 중앙로14나길30,서울특별시 양천구 신정7동 ,2023-04-20,,
신정7동,양천구 목동남로2길 57,양천구 신정7동 181-1,2023-04-20,37.5062224533246,126.864349649386
