행정동 ,위치,기준일자,latitude,longitude
구로2동,가마산로20다길 3,2023-03-31,37.4925401668134,126.886315546458
구로2동,구로동로28길 58,2023-03-31,37.4906534376757,126.887423153328
구로2동,가마산로20다길 28-14,2023-03-31,37.4921410406708,126.887749750649
구로2동,가마산로20다길 22-10,2023-03-31,37.4919659041362,126.887391217994
구로2동,가마산로20나길 22-2,2023-03-31,37.4928329736025,126.887140012186
구로2동,구로동로 221-1,2023-03-31,37.4983826381282,126.882253647485
구로2동,구로동로 205,2023-03-31,37.4969887390297,126.882301070052
구로2동,구로동로43길 24,2023-03-31,,
구로2동,구로동로43길 40,2023-03-31,,
구로2동,가마산로 134,2023-03-31,37.4879052018652,126.880647294771
구로2동,가마산로 174-9,2023-03-31,37.4915427468564,126.882172001592
구로2동,구로동로35길 22,2023-03-31,37.4933632911393,126.882413167328
구로2동,구로동로35길 16,2023-03-31,37.4937120037895,126.88252694459
구로2동,구로동로35길 13,2023-03-31,37.4936265380219,126.882839179109
구로2동,벚꽃로74길 20,2023-03-31,37.4945644598022,126.881099653434
구로2동,구로동로41길 58,2023-03-31,37.4937196418344,126.880976152298
구로2동,구로동로41길 65,2023-03-31,37.4933132972685,126.881164509057
구로2동,가마산로11길 10,2023-03-31,37.4921541588181,126.881440219783
구로2동,가마산로9길 8-21,2023-03-31,37.4918939858627,126.880940263813
구로2동,가마산로 175,2023-03-31,37.4916950388603,126.881742974242
구로2동,가마산로7길 13,2023-03-31,37.4910083324273,126.881065827022
구로2동,가마산로5길 13,2023-03-31,37.4905197900792,126.880602993051
구로2동,가마산로 153-7,2023-03-31,37.489854530035,126.880824659818
구로2동,구로동로17길 57-8,2023-03-31,37.4879383412523,126.881345344699
구로2동,구로동로17길 56-5,2023-03-31,37.4885192702278,126.881664194168
구로2동,구로동로17길 46,2023-03-31,37.488488592468,126.881890839255
구로2동,구로동로17길 40,2023-03-31,37.4884061461128,126.882247711468
구로2동,구로동로17길 37-54,2023-03-31,37.4873720109933,126.88156785865
구로2동,벚꽃로 39,2023-03-31,35.5832772768141,126.842487210384
구로2동,벚꽃로 398,2023-03-31,37.4896762276371,126.880474752937
구로2동,가마산로 159-14,2023-03-31,37.4902426496428,126.880434048058
구로2동,벚꽃로 414-1,2023-03-31,37.4911866557494,126.880365828328
구로2동,벚꽃로68길 5,2023-03-31,37.4923377589018,126.880520944637
구로2동,벚꽃로 446,2023-03-31,37.4938042345262,126.880251173881
구로2동,구로동로48길 18,2023-03-31,,
구로2동,벚꽃로74길 1,2023-03-31,37.4948099629149,126.880186920825
구로2동,구로동로43길 41,2023-03-31,37.4952745737284,126.880594180009
구로2동,구로동로43길 31,2023-03-31,37.4954765307146,126.88108192356
구로2동,구로동로43길 17,2023-03-31,37.4959231347805,126.881775434467
구로2동,구로동로43길 13,2023-03-31,37.4959996956586,126.882021157363
구로2동,구로동로42길 15,2023-03-31,37.4965577142113,126.883043466885
구로2동,구로동로 210-10,2023-03-31,37.4972517371015,126.883112158227
구로2동,구로중앙로27다길 1,2023-03-31,37.4974447990496,126.884461987569
구로2동,구로중앙로27길 66,2023-03-31,37.4968155639883,126.882752436935
구로2동,벚꽃로 466,2023-03-31,37.4957130990025,126.880154719426
구로2동,벚꽃로 468,2023-03-31,37.4958873230398,126.880124587011
구로2동,벚꽃로76길 4,2023-03-31,37.4967327472773,126.879957114336
구로2동,벚꽃로78길 2,2023-03-31,37.4969776881401,126.879915106981
구로2동,벚꽃로 484,2023-03-31,37.4973316468315,126.880135396243
구로2동,구로동로45길 26,2023-03-31,37.4967368657716,126.881178987238
구로2동,구로동로45길 14,2023-03-31,37.4970150097915,126.881721128648
구로2동,구로동로47길 10-5,2023-03-31,37.4981693250896,126.88166762737
구로2동,구로동로 224,2023-03-31,37.4985245411097,126.882701024343
구로2동,구로동로 230-1,2023-03-31,37.4991996009244,126.88263675201
구로2동,구로동로50길 9,2023-03-31,37.4993951609967,126.883042321095
구로2동,구로중앙로27길 18,2023-03-31,37.498178534547,126.884971104824
구로2동,구로중앙로27길 21,2023-03-31,37.4978197288517,126.884945306091
구로2동,구로중앙로 103,2023-03-31,37.4981424012242,126.88608382089
구로2동,구로중앙로27가길 23,2023-03-31,37.4977153797802,126.886047829655
구로2동,구로중앙로27가길 13,2023-03-31,37.4977031972845,126.885376342911
구로2동,구로중앙로27나길 16,2023-03-31,37.4969702884188,126.885066705562
구로2동,구로동로40길 4,2023-03-31,,
구로2동,구로동로40나길 9,2023-03-31,37.4957681027567,126.884724435815
구로2동,구로중앙로27나길 32,2023-03-31,37.4961507124214,126.885230689115
구로2동,구로중앙로21길 10-15,2023-03-31,37.4962089275531,126.887111410554
구로2동,구로중앙로21길 10,2023-03-31,37.4960309754381,126.887580296768
구로2동,구로중앙로21길 40,2023-03-31,37.4960819444099,126.885953059651
구로2동,구로중앙로21길 58,2023-03-31,37.4956678461861,126.885213221683
구로2동,구로중앙로21길 72,2023-03-31,37.4952574330027,126.884561025076
구로2동,가마산로19길 25,2023-03-31,37.4942774514127,126.884605164948
구로2동,구로동로38길 46,2023-03-31,37.4949057525473,126.88546859614
구로2동,가마산로22길 48,2023-03-31,37.492303964121,126.888057191959
구로2동,가마산로20라길 20-7,2023-03-31,37.4914735108332,126.887777322633
구로2동,가마산로20다길 14-14,2023-03-31,,
구로2동,가마산로20길 43,2023-03-31,37.4917476122946,126.886472907185
구로2동,구로동로28길 33-41,2023-03-31,37.4922251621679,126.885742040782
구로2동,가마산로15길 6-2,2023-03-31,37.4935774441189,126.884037450159
구로2동,가마산로20나길 22-2,2023-03-31,37.4928329736025,126.887140012186
구로2동,가마산로20다길 28-13,2023-03-31,,
구로2동,가마산로20다길 22-10,2023-03-31,37.4919659041362,126.887391217994
구로2동,가마산로20다길 3,2023-03-31,37.4925401668134,126.886315546458
구로2동,가마산로20길 19,2023-03-31,37.4928049210571,126.886261885101
구로2동,구로동로7다길 11,2023-03-31,37.4867541611309,126.882531621562
구로3동,디지털로26길 29,2023-03-31,,
구로3동,디지털로26길 61,2023-03-31,37.4811291019439,126.895303784633
구로3동,디지털로 242,2023-03-31,37.4808125646967,126.892678392752
구로3동,구로동로 79,2023-03-31,37.4858371859067,126.885447955735
구로3동,도림로12길 15-3,2023-03-31,37.4868805234638,126.889004103428
구로3동,디지털로27나길 10-6,2023-03-31,37.4839161247932,126.89182935566
구로3동,디지털로27길 58,2023-03-31,37.4840719618227,126.890906742183
구로3동,디지털로27길 120-3,2023-03-31,37.4850586792813,126.887568020677
구로3동,디지털로27길 124-12,2023-03-31,37.4853074403648,126.887655162069
구로3동,도림로10길 5-4,2023-03-31,37.486190383758,126.888083161933
구로3동,도림로12길 9,2023-03-31,37.4869221149486,126.888679531426
구로3동,도림로 40-1,2023-03-31,37.4876088162571,126.888917092014
구로3동,도림로 46,2023-03-31,37.4879097338634,126.889377072923
구로3동,디지털로27라길 67,2023-03-31,37.4874188555422,126.889849188089
구로3동,도림로 44-9,2023-03-31,37.4876327473647,126.889648173149
구로3동,도림로 53,2023-03-31,37.4886327757504,126.889744848965
구로3동,도림로 98,2023-03-31,37.4908518939287,126.893907751121
구로3동,도림천로 376,2023-03-31,37.4913557313496,126.895112208239
구로3동,도림로20가길 30,2023-03-31,37.4880538030016,126.893193703951
구로3동,도림로20길 18,2023-03-31,37.488977254588,126.892409245918
구로3동,도림로20길 68,2023-03-31,37.4877124982745,126.894695886423
구로3동,디지털로35길 34,2023-03-31,37.4877180669857,126.895793911618
구로3동,디지털로35길 10,2023-03-31,37.487065682384,126.896551482725
구로3동,디지털로32길 82,2023-03-31,37.4830451900738,126.899563285224
구로3동,디지털로32길 96,2023-03-31,37.4827747317582,126.900230157228
구로3동,디지털로32다길 13,2023-03-31,37.4822432180356,126.900113052517
구로3동,시흥대로163길 13,2023-03-31,,
구로3동,디지털로32다길 46,2023-03-31,37.4811759149298,126.898879166625
구로3동,디지털로32다길 58,2023-03-31,37.4806090586714,126.898631876118
구로3동,디지털로32다길 60,2023-03-31,37.480514269365,126.89862816012
구로3동,디지털로32다길 64,2023-03-31,37.4803173713376,126.89859597792
구로3동,디지털로32다길 65,2023-03-31,,
구로3동,시흥대로161가길 4,2023-03-31,37.4802064622346,126.898601893842
구로3동,시흥대로161가길 16-6,2023-03-31,37.4804506734913,126.898226769597
구로3동,시흥대로161가길 26,2023-03-31,37.4805405894682,126.897595658442
구로3동,디지털로32가길 76-17,2023-03-31,37.4809847112259,126.896990515666
구로3동,디지털로32가길 82,2023-03-31,37.4802295030612,126.896803873153
구로3동,디지털로32가길 46-5,2023-03-31,37.4816081698241,126.89756706665
구로3동,시흥대로163길 17,2023-03-31,37.4816409444764,126.898901378443
구로3동,시흥대로161길 18,2023-03-31,37.4799970771405,126.898298273046
구로3동,시흥대로161길 20,2023-03-31,37.4799261588066,126.898183274778
구로3동,시흥대로161길 24,2023-03-31,37.4798225150491,126.898046613821
구로3동,시흥대로161길 36-6,2023-03-31,37.4796641267177,126.897536254929
구로3동,시흥대로 38,2023-03-31,,
구로3동,도림천로 379,2023-03-31,37.4911241794299,126.896345062486
구로3동,디지털로432가길 72,2023-03-31,,
구로3동,디지털로432가길 66,2023-03-31,,
구로3동,디지털로432가길 65,2023-03-31,,
구로3동,디지털로432가길 54,2023-03-31,,
구로3동,디지털로432가길 56,2023-03-31,,
구로4동,구로중앙로18길 71,2023-03-31,37.4963871451513,126.892420667818
구로4동,구로중앙로18길 53,2023-03-31,37.4961178944858,126.891894310104
구로4동,구로중앙로18길 11,2023-03-31,37.4951247758324,126.890007834027
구로4동,구로중앙로18길 5,2023-03-31,37.4949253109334,126.889640610335
구로4동,구로중앙로14길 42 ,2023-03-31,37.493885610473,126.892938206165
구로4동,구로중앙로14길 46,2023-03-31,37.4940259127262,126.893054818111
구로4동,구로중앙로8길 41,2023-03-31,37.4928953829375,126.893813266873
구로4동,구로중앙로 14,2023-03-31,37.4915949425815,126.892301347465
구로4동,구로중앙로19길 11,2023-03-31,37.4944554097867,126.888556853012
구로4동,구로중앙로11길 14,2023-03-31,37.4920978378442,126.890680788012
구로4동,구로중앙로7길 6,2023-03-31,37.491431290237,126.891481437505
구로4동,구로중앙로7길 28,2023-03-31,37.4912427177954,126.889449615
구로4동,도림로 37,2023-03-31,37.4876423220463,126.888331221892
구로4동,도림로23길 14,2023-03-31,37.4912464678897,126.893033904229
구로4동,구로동로18길 44,2023-03-31,37.4874371312186,126.886877552173
구로4동,구로동로12길 16-9,2023-03-31,37.4872885453565,126.886210660871
구로4동,구로동로8길 17,2023-03-31,37.4866592610641,126.886095832223
구로4동,구로동로 86,2023-03-31,37.4863850008808,126.885636283783
구로4동,구로동로12길 4,2023-03-31,37.4868838419692,126.885494864533
구로4동,구로동로8길 70-3,2023-03-31,37.4887722095026,126.887691244942
구로4동,구로동로22길 51,2023-03-31,37.4891641557133,126.887226718697
구로4동,구로동로12길 60,2023-03-31,37.4891475071968,126.886870789288
구로4동,구로동로12길 59-10,2023-03-31,37.4890443283286,126.886387218402
구로4동,구로동로22길 36,2023-03-31,37.4892213925799,126.886310512674
구로4동,구로동로12길 70,2023-03-31,37.4895524922148,126.887229187884
구로4동,구로동로8길 62-8,2023-03-31,37.4882445686937,126.887679823115
구로4동,구로동로22길 82,2023-03-31,37.4882899894248,126.888451131677
구로4동,구로동로22길 87,2023-03-31,37.4881593924766,126.888789975651
구로4동,구로동로18길 56-16,2023-03-31,37.4867012377638,126.887117803824
구로4동,도림로 11,2023-03-31,37.4858193904549,126.886802878956
구로4동,구로동로18길 44-30,2023-03-31,37.4862817284975,126.886178606491
구로4동,도림로3길 19,2023-03-31,37.4862105260689,126.886529566921
구로4동,구로동로18길 44-12,2023-03-31,37.4869640960254,126.886589145692
구로4동,구로중앙로15길 21,2023-03-31,37.4935513969514,126.8889045598
구로4동,구로중앙로19길 25-25,2023-03-31,37.4931783955375,126.88834740528
구로4동,가마산로20다길 45,2023-03-31,37.4928330690828,126.888760656802
구로4동,구로동로28길 78-2,2023-03-31,37.4911090843723,126.888285240579
구로4동,구로중앙로7길 16,2023-03-31,37.4911215843666,126.891057510657
구로4동,구로중앙로5길 35,2023-03-31,37.490664057933,126.890965227093
구로5동,공원로 26,2023-03-31,37.4999033071437,126.892109038117
구로5동,공원로8길 9-10,2023-03-31,37.5033454609192,126.889715979226
구로5동,공원로6가길 52,2023-03-31,37.5036644182655,126.890104330998
구로5동,공원로6나길5-6,2023-03-31,37.5038400038374,126.890276317865
구로5동,공원로6나길 11-12,2023-03-31,37.5042181406621,126.89035719354
구로5동,공원로6나길 11-20,2023-03-31,37.5045432438339,126.890088453398
구로5동,공원로6다길 14,2023-03-31,37.5046465883168,126.889990812646
구로5동,새말로16길 16,2023-03-31,37.5048401344287,126.890389534401
구로5동,공원로6나길 29-22,2023-03-31,37.5050873550781,126.890859770581
구로5동,공원로6나길 35-23,2023-03-31,37.5051264430146,126.890940352054
구로5동,공원로6나길 49-15,2023-03-31,37.5052191752887,126.891842847832
구로5동,새말로18길 20-15,2023-03-31,37.5053596977975,126.892100960148
구로5동,새말로18길 20-9,2023-03-31,37.5054837102436,126.892335912079
구로5동,새말로18길 42,2023-03-31,37.5048591944205,126.892501591098
구로5동,공원로8길 59,2023-03-31,37.50425512198,126.892261336579
구로5동,공원로6길 25,2023-03-31,37.5021870387072,126.891663672056
구로5동,공원로8길 23,2023-03-31,37.5033714694816,126.890555103288
구로5동,구로중앙로22길 3,2023-03-31,37.4964645168203,126.888125730647
구로5동,구로중앙로22길 37,2023-03-31,37.4973907317833,126.889348840148
구로5동,구로중앙로22길 39-2,2023-03-31,37.4975067100633,126.889368911382
구로5동,구로중앙로22길 86,2023-03-31,,
구로5동,구로중앙로22길 5,2023-03-31,,
구로5동,구로중앙로26길 16,2023-03-31,37.4976588270155,126.887206142736
구로5동,구로중앙로26길 28-2,2023-03-31,37.4981293335395,126.8868305525
구로5동,구로중앙로 108,2023-03-31,37.4985064201609,126.886377521099
구로5동,구로중앙로28길 12-4,2023-03-31,37.4987620734226,126.886792391761
구로5동,구로중앙로28길 10,2023-03-31,37.4987799248647,126.886616513401
구로5동,구로중앙로28나길 4,2023-03-31,37.4993540137959,126.887809860878
구로5동,구로중앙로28다길 12,2023-03-31,37.5010594023394,126.889012861113
구로5동,구로중앙로28다길 30,2023-03-31,37.5017420525023,126.88858571928
구로5동,공원로7길 29,2023-03-31,37.5015556026516,126.887695736798
구로5동,새말로12길 39,2023-03-31,37.5017662457371,126.887021730902
구로5동,공원로11가길 10,2023-03-31,37.5024428296061,126.887230160134
구로5동,공원로11가길 11,2023-03-31,37.5023755633442,126.887459840392
구로5동,공원로7길 12,2023-03-31,37.5021345491706,126.888224030803
구로5동,공원로7길 12,2023-03-31,37.5021345491706,126.888224030803
구로5동,구로중앙로34길 67,2023-03-31,37.5016974536648,126.886504438088
구로5동,구로중앙로34길 55,2023-03-31,37.5013344512665,126.885769779209
구로5동,구로중앙로34길 44-21,2023-03-31,37.5007986322451,126.885406895574
구로5동,구로중앙로34길 40,2023-03-31,37.5008747150356,126.885167592087
구로5동,구로중앙로32가길 18,2023-03-31,37.4999474142568,126.885089510248
구로5동,구로중앙로34길 17,2023-03-31,37.5008478578996,126.884053349169
구로5동,구로중앙로34길 33-4,2023-03-31,37.5009565732326,126.884660819027
구로5동,구로중앙로34길 33-14,2023-03-31,37.5011187661067,126.884488557752
구로5동,구로중앙로34길 33-38,2023-03-31,37.5012431837574,126.884017340254
구로5동,새말로 18-31,2023-03-31,37.50179173068,126.883300504638
구로5동,새말로 38,2023-03-31,37.5027630198353,126.885052058783
구로5동,새말로 44,2023-03-31,37.5030955750686,126.885602996416
구로5동,구로중앙로32다길 10-1,2023-03-31,37.5019504206116,126.88572009794
구로5동,구로중앙로32가길 78-13,2023-03-31,37.5022251033772,126.88624522208
구로5동,구로중앙로28길 31-34,2023-03-31,37.5008279352953,126.886642028636
구로5동,구로중앙로28길 31-23,2023-03-31,37.5002097748233,126.886568436906
구로5동,구로중앙로28가길 43,2023-03-31,37.5004678275823,126.885267169186
구로5동,구로중앙로28가길 23,2023-03-31,37.5000604725741,126.88618788989
구로5동,구로중앙로30길 29,2023-03-31,37.4994976710479,126.886809601633
가리봉동,남부순환로 1295,2023-03-31,37.4791183524676,126.894832311293
가리봉동,남부순환로10길 1,2023-03-31,34.5701262621255,126.606441985514
가리봉동,남부순환로105길 42,2023-03-31,37.4795609348211,126.890378984834
가리봉동,디지털로 230-1,2023-03-31,37.480455477117,126.891475152503
가리봉동,디지털로 24길4,2023-03-31,37.4808541380087,126.892026538311
가리봉동,디지털로24가길 18,2023-03-31,37.4803503585164,126.892988838066
가리봉동,디지털로 235,2023-03-31,37.4811139110869,126.891646279224
가리봉동,디지털로 221,2023-03-31,37.480117293325,126.890460592537
가리봉동,남부순환로105길 76,2023-03-31,37.4801612345188,126.888695214841
가리봉동,남부순환로105길 118-4,2023-03-31,37.4815998551683,126.887248942175
가리봉동,남부순환로105길 166,2023-03-31,37.4832139692158,126.885332451846
가리봉동,구로동로5길 39-17,2023-03-31,37.4839629329696,126.884454598221
가리봉동,구로동로5길 6-13,2023-03-31,37.4846034205903,126.885061230421
가리봉동,구로동로5길 2,2023-03-31,37.485043510919,126.885750717271
가리봉동,구로동로 27,2023-03-31,37.4840563909613,126.886242924791
가리봉동,남부순환로105길 202,2023-03-31,37.4843767887268,126.883743001819
가리봉동,남부순환로105길 228,2023-03-31,37.4850859094187,126.88276771709
가리봉동,남부순환로105길 234,2023-03-31,37.4852914733839,126.882449337332
가리봉동,남부순환로105길 258,2023-03-31,37.4858422872179,126.88139524389
가리봉동,구로동로7길 31-32,2023-03-31,37.4861124667918,126.884453775275
가리봉동,디지털로27길 83,2023-03-31,37.4841950785647,126.889398153129
가리봉동,우마1길 39,2023-03-31,37.483664252616,126.888969062722
가리봉동,우마1길 32,2023-03-31,37.4833121866875,126.889020236564
가리봉동,우마2길 49,2023-03-31,37.482752666157,126.890280366146
가리봉동,우마2길 59,2023-03-31,37.4830813219456,126.890731915674
가리봉동,남부순환로 1307,2023-03-31,37.4787980878027,126.896001775841
고척1동,중앙로14가길 83,2023-03-31,37.5048357170863,126.865690094024
고척1동,중앙로14가길 64,2023-03-31,,
고척1동,경인로47다길 31-26,2023-03-31,37.5047043788982,126.864845949829
고척1동,경인로47다길 31-17,2023-03-31,37.5045101018222,126.865143404141
고척1동,경인로47다길 25-15,2023-03-31,37.5044516255286,126.864905894094
고척1동,경인로47다길 11-16,2023-03-31,37.5043455654948,126.864738137502
고척1동,경인로47다길 10,2023-03-31,37.5035726713424,126.864413139904
고척1동,중앙로8길 38,2023-03-31,37.5030318162708,126.864664734524
고척1동,경인로47길 54,2023-03-31,37.5015074126632,126.865301478683
고척1동,경인로47나길 19-5,2023-03-31,37.5028278075331,126.866228172237
고척1동,경인로47나길 13-11,2023-03-31,37.5028760003659,126.865742008766
고척1동,경인로47나길 5-23,2023-03-31,37.5033635087192,126.865482036049
고척1동,경인로47길 134,2023-03-31,37.5044699499819,126.863290846192
고척1동,중앙로14가길 91,2023-03-31,37.504790814549,126.865978797412
고척1동,안양천로537나길 22,2023-03-31,37.5010271022207,126.868029306972
고척1동,안양천로537나길 36,2023-03-31,37.5014585224328,126.867482766913
고척1동,안양천로537다길 13,2023-03-31,37.5012608651126,126.868795090086
고척1동,경서로 67,2023-03-31,37.5582838619062,126.653376569614
고척1동,경서로7길 28,2023-03-31,,
고척1동,경서로 38,2023-03-31,,
고척1동,경서로9길 35,2023-03-31,,
고척1동,경서로11길 45-1,2023-03-31,,
고척1동,경서로7길 33,2023-03-31,37.5028453659467,126.857660944228
고척1동,경서로7가길 15,2023-03-31,37.5021050050016,126.857581940796
고척1동,경서로5길 22,2023-03-31,37.502120475155,126.857783781932
고척1동,경서로7가길 34,2023-03-31,37.5015954975816,126.856919963618
고척1동,경서로7가길 44,2023-03-31,37.501178972038,126.856481851062
고척1동,경인로3길 10,2023-03-31,,
고척1동,경서로 19,2023-03-31,,
고척1동,경서로1가길 14,2023-03-31,37.4994167473615,126.856376093297
고척1동,경서로 6,2023-03-31,37.4980305876387,126.856926652502
고척2동,고척동 245-3,2023-03-31,37.5067978605289,126.845929291034
고척2동,고척동 244-4,2023-03-31,37.5069026060465,126.846035842094
고척2동,고척로33길 91,2023-03-31,37.5064268447972,126.847191562111
고척2동,고척로33다길 3-12,2023-03-31,37.5065432572125,126.847542272222
고척2동,고척로27바길 47,2023-03-31,37.507455048321,126.847452991041
고척2동,고척로27바길 59,2023-03-31,37.5078075914465,126.848417480095
고척2동,중앙로15길 80,2023-03-31,37.5069515037538,126.855500063339
고척2동,중앙로14길 7,2023-03-31,37.5065593742806,126.861046875674
고척2동,고척로27다길 48,2023-03-31,37.505508879104,126.848784493388
고척2동,고척로27다길41,2023-03-31,37.5056092894709,126.848392745657
고척2동,고척로27다길 28,2023-03-31,37.5052330397256,126.847769774291
고척2동,고척로27다길 47-13,2023-03-31,,
고척2동,고척로27다길 64 ,2023-03-31,37.5057855418792,126.849603445246
고척2동,고척로39길 53,2023-03-31,37.5056440870586,126.850528531636
고척2동,고척로39길 34,2023-03-31,37.5048415772286,126.850896791499
고척2동,고척로39가길 18,2023-03-31,37.5047530740056,126.850023295582
고척2동,고척로39길 12 ,2023-03-31,37.5038556046112,126.85110854417
고척2동,고척로33길 35,2023-03-31,37.5040829863359,126.848391647524
고척2동,고척로33길 48,2023-03-31,37.5047669987461,126.848297864332
고척2동,고척로33라길 14-12,2023-03-31,37.507093520982,126.849101936176
고척2동,고척동 233,2023-03-31,37.5085414453188,126.849817334954
고척2동,중앙로15길 151,2023-03-31,37.5082177998099,126.852026637597
고척2동,고척로51가길 4,2023-03-31,37.5075233910882,126.851950873498
고척2동,고척로51길 71,2023-03-31,37.5069661240734,126.852747067247
고척2동,고척로45길 75-7,2023-03-31,37.5070549983955,126.853718196904
고척2동,고척로51길 50,2023-03-31,37.5068509444388,126.853955652375
고척2동,고척로45길 46-1,2023-03-31,37.5058423718922,126.854256988435
고척2동,고척로 177-3,2023-03-31,37.5042975412851,126.853046358247
고척2동,고척동 220-3,2023-03-31,37.5068952761199,126.854249286521
고척2동,고척로47길 56-2,2023-03-31,37.5066465003855,126.854901110505
고척2동,중앙로15길 94,2023-03-31,37.5072327925673,126.854761540796
고척2동,고척로51길 28,2023-03-31,37.5062000364539,126.855034639603
고척2동,고척로51길 20,2023-03-31,37.505910814717,126.855255627723
고척2동,고척로 195,2023-03-31,37.5049287806115,126.854864624849
고척2동,고척로47길 16-3,2023-03-31,37.5054016050218,126.85440679492
고척2동,고척로47길 33,2023-03-31,37.5059656118713,126.854315899382
고척2동,경인로35나길17,2023-03-31,37.5004761714062,126.852879462483
고척2동,경인로35길 94-7,2023-03-31,37.5008095361964,126.852873719329
고척2동,경인로35길 104-7,2023-03-31,37.501244287304,126.852742019539
고척2동,경인로35길 98-1,2023-03-31,37.5009222764691,126.852459924644
고척2동,고척로52가길 69,2023-03-31,37.5030094129243,126.852570834366
고척2동,고척로52가길 65,2023-03-31,37.5030841755899,126.852843244323
고척2동,고척로52가길 48,2023-03-31,37.5036125126903,126.853413223871
고척2동,고척로52가길 21,2023-03-31,37.5039028343347,126.854960593163
고척2동,고척로 222,2023-03-31,37.5056284450793,126.857632362255
고척2동,고척로60길 20-1,2023-03-31,37.5053455432702,126.859222486161
고척2동,중앙로 101,2023-03-31,37.5062829815918,126.859932571013
고척2동,중앙로 87-10,2023-03-31,37.1396545878197,128.211693099831
고척2동,목동남로 10-4,2023-03-31,37.5068983528649,126.861294501741
고척2동,고척로52다길 16,2023-03-31,37.5036971217149,126.855464377416
고척2동,고척로52가길 39,2023-03-31,37.5035440767138,126.854100861389
고척2동,경인로35다길 20-1,2023-03-31,37.5027599314756,126.853155001437
고척2동,경인로35길 98-1,2023-03-31,37.5009222764691,126.852459924644
고척2동,경인로35나길 16,2023-03-31,37.5003754440973,126.853100751237
고척2동,경인로35길 94-7,2023-03-31,37.5008095361964,126.852873719329
고척2동,경인로35길 104-7,2023-03-31,37.501244287304,126.852742019539
개봉1동,고척로25길 20,2023-03-31,37.5029066326101,126.847062119317
개봉1동,고척로27길 16-16,2023-03-31,37.5030221289547,126.848029855918
개봉1동,고척로27마길 3,2023-03-31,37.5063152356036,126.845617224755
개봉1동,고척로27길 93-60,2023-03-31,37.5059184374933,126.844932552222
개봉1동,고척로19길 67-28,2023-03-31,37.5041914157481,126.843379699373
개봉1동,고척로21나길 48-80,2023-03-31,37.504005982125,126.842358494613
개봉1동,고척로21라길 42-4,2023-03-31,37.504557676095,126.842365138263
개봉1동,고척로21나길 48-7,2023-03-31,37.5023696084597,126.842855247125
개봉1동,고척로21나길 62,2023-03-31,37.5024009017734,126.842538294586
개봉1동,고척로21나길 68,2023-03-31,37.5035293156194,126.842399758595
개봉1동,고척로21가길 61-1,2023-03-31,37.5011853079292,126.842976022653
개봉1동,고척로21나길 61-20,2023-03-31,37.5015659287956,126.842732417323
개봉1동,고척로19가길 23,2023-03-31,37.5014614763694,126.844072207769
개봉1동,고척로 95-10,2023-03-31,37.5013393812492,126.844475519891
개봉1동,고척로 94-4,2023-03-31,37.5007097989516,126.844574422892
개봉1동,고척로22길 12,2023-03-31,37.5009955724688,126.846484390156
개봉1동,고척로18길 38,2023-03-31,37.4992088967632,126.845461432134
개봉1동,경인로33다길 2,2023-03-31,37.5004773847785,126.851043666193
개봉1동,경인로35길 64-18,2023-03-31,37.5002552761699,126.853484587624
개봉1동,경인로35길 64-10,2023-03-31,37.4998807691453,126.853299739761
개봉1동,고척로52라길 5-16,2023-03-31,37.5017411371585,126.855175917783
개봉1동,고척로52라길 5,2023-03-31,37.5022234009185,126.855655065571
개봉1동,고척로52길 74,2023-03-31,37.5018566228146,126.855819868623
개봉1동,고척로52라길 19-28,2023-03-31,37.5013777182527,126.854261369358
개봉1동,고척로52라길 43,2023-03-31,37.5017719548839,126.854372451279
개봉2동,개봉로17바길 69,2023-03-31,37.4942808831776,126.851676335413
개봉2동,개봉로17나길 62,2023-03-31,37.4935517894353,126.851964095302
개봉2동,개봉로17아길 58 ,2023-03-31,37.4937649571722,126.850952625212
개봉2동,개봉로17길 91,2023-03-31,37.4910398513743,126.85072928747
개봉2동,개봉로20길 91-20 ,2023-03-31,37.4930732523197,126.860391014611
개봉3동,개봉로2길 87-1,2023-03-31,37.488786710889,126.859705178819
개봉3동,개봉로12길 9-10,2023-03-31,37.4885546714426,126.857049318898
개봉3동,개봉로11길 10-38,2023-03-31,37.4888663135227,126.855628079107
개봉3동,개봉로1길 30,2023-03-31,37.4855356444489,126.854668324928
개봉3동,개봉로1가길 11,2023-03-31,37.485695519369,126.854771020145
개봉3동,개봉로1길 54,2023-03-31,37.484544797382,126.854149235085
개봉3동,개봉로1나길 36,2023-03-31,37.4847741592834,126.852524474865
개봉3동,개봉로1나길 46-17,2023-03-31,37.4854684240114,126.853278967191
개봉3동,개봉로3길 51,2023-03-31,37.4859757405613,126.853391269579
개봉3동,개봉로1나길 52,2023-03-31,37.4855402597818,126.852431271047
개봉3동,개봉로3길 69,2023-03-31,37.4860271529923,126.852350147818
개봉3동,개봉로5길 59,2023-03-31,37.4864946539389,126.852324691739
개봉3동,개봉로11길 86,2023-03-31,37.4880209655874,126.85132315314
오류1동,경인로13길 8,2023-03-31,37.4946079588321,126.839284682971
오류1동,경인로15길 19,2023-03-31,37.4951453227061,126.839221336261
오류1동,경인로15길 22,2023-03-31,37.4954745020545,126.839185914197
오류1동,고척로3길 5-9,2023-03-31,37.4955926667644,126.839947273879
오류1동,고척로3길 29,2023-03-31,37.4963310298202,126.839407870737
오류1동,고척로3길 25-8,2023-03-31,,
오류1동,고척로3길 55,2023-03-31,37.496837931646,126.83815052694
오류1동,고척로3길 57,2023-03-31,37.4968877579873,126.838019580282
오류1동,고척로3길 82,2023-03-31,37.4976912311022,126.837201250668
오류1동,고척로3길 86-12,2023-03-31,37.4981905543464,126.837060391433
오류1동,고척로3길 86-14,2023-03-31,,
오류1동,고척로3길 102,2023-03-31,37.4981363059859,126.83620772257
오류1동,고척로15길 113,2023-03-31,,
오류1동,고척로15길 97,2023-03-31,,
오류1동,고척로3길 113,2023-03-31,37.4976280152684,126.835729348431
오류1동,경인로15길 75-31,2023-03-31,37.4971758705798,126.835585363564
오류1동,경인로15길 65-16,2023-03-31,37.4967291497416,126.836492602663
오류1동,경인로15길 65-10,2023-03-31,37.4965927817504,126.836850472735
오류1동,경인로15길 65,2023-03-31,37.4962700654502,126.837194384355
오류1동,경인로15길 48,2023-03-31,37.4960543877027,126.838260665043
오류1동,고척로3가길 11,2023-03-31,37.4960701701707,126.838864949646
오류1동,경인로15가길 39,2023-03-31,37.4951190067814,126.837438878851
오류1동,경인로15가길 37,2023-03-31,37.4950023165911,126.837431668368
오류1동,경인로15가길 16,2023-03-31,37.4949867066603,126.838005593064
오류1동,고척로 7,2023-03-31,37.7147944725028,126.578690255535
오류1동,고척로 20,2023-03-31,37.4965489975821,126.840415889793
오류1동,고척로 23,2023-03-31,37.4967268368891,126.839603337981
오류1동,고척로 25-2,2023-03-31,37.4969704367934,126.839447099015
오류1동,고척로6길 3,2023-03-31,37.4979199979635,126.8397725642
오류1동,고척로6길 14,2023-03-31,,
오류1동,고척로 24-10,2023-03-31,37.4967860287493,126.840131995249
오류1동,고척로 24-6,2023-03-31,37.4968935783019,126.840042881312
오류1동,고척로 48,2023-03-31,37.498386664692,126.840198244631
오류1동,고척로6길 11-8,2023-03-31,37.497696745176,126.840583868057
오류1동,고척로10길 13,2023-03-31,37.4986939927243,126.841666709924
오류1동,고척로10길 36,2023-03-31,37.4976178099157,126.841247624004
오류1동,경인로19길 32,2023-03-31,37.497103893947,126.842607542965
오류1동,경인로19길 36-24,2023-03-31,37.497271914016,126.842865138121
오류1동,경인로25길 42,2023-03-31,37.4978621186613,126.843306747333
오류1동,고척로12길 45,2023-03-31,37.4986859907151,126.842961918275
오류1동,고척로12길 40-2,2023-03-31,37.4987817350123,126.842598932519
오류1동,고척로12길 15-20,2023-03-31,37.4996516558525,126.84354863725
오류1동,고척로12길 33,2023-03-31,37.498996834195,126.842891605115
오류1동,고척로16길 48-12,2023-03-31,37.4987085513859,126.843804260289
오류1동,고척로16길 42,2023-03-31,37.4989311338459,126.844171219255
오류1동,고척로16길 60,2023-03-31,37.4981851954542,126.843764978397
오류1동,경인로20나길 30,2023-03-31,37.4948295171349,126.842024178038
오류1동,경인로20가길 15,2023-03-31,37.4956475365195,126.844671196847
오류1동,경인로20가길 49,2023-03-31,37.4961139934787,126.84653735496
오류1동,경인로20가길 17,2023-03-31,,
오류1동,경인로20가길 69,2023-03-31,37.4964101926184,126.847611160911
오류1동,경인로22길 64,2023-03-31,37.496334062916,126.84726640944
오류1동,경인로6길 40,2023-03-31,37.4895985406094,126.832408881422
오류2동,오리로13길 56-41,2023-03-31,37.4888084371476,126.830569485115
오류2동,오리로13길 88,2023-03-31,,
오류2동,오리로13길 105,2023-03-31,37.4867102813171,126.82995562074
오류2동,오리로13길 16,2023-03-31,,
오류2동,오리로13길 34,2023-03-31,37.4893353799766,126.832044694516
오류2동,오리로13길 18,2023-03-31,37.4895079892942,126.832917689118
오류2동,오리로11길 33,2023-03-31,37.488270000411,126.834514193633
오류2동,오리로11길 71,2023-03-31,37.4875523353249,126.83239570057
오류2동,서해안로 2227,2023-03-31,37.4878944449401,126.833796906602
오류2동,서해안로 2217,2023-03-31,37.4874898077457,126.83303367171
오류2동,오리로 1181,2023-03-31,37.4883512305585,126.836035962703
오류2동,오리로9길 37,2023-03-31,37.4868425972365,126.835591391029
오류2동,오리로9길 33-12,2023-03-31,37.4867790631033,126.835711497073
오류2동,오리로 1171-8,2023-03-31,,
오류2동,오리로 1171-14,2023-03-31,,
오류2동,서헤안로 2278,2023-03-31,,
오류2동,오리로10길 44-10,2023-03-31,37.4884197167106,126.839189505359
오류2동,오리로10길 44-9,2023-03-31,37.4885834943064,126.839435764945
오류2동,서해안로20길 31,2023-03-31,37.4885423958019,126.838435163679
오류2동,서해안로20길 44,2023-03-31,37.4880696561019,126.838646607904
오류2동,오류로 53,2023-03-31,37.4896922582871,126.839690069608
오류2동,오류로 54-16,2023-03-31,37.4894606599927,126.840259550979
오류2동,오류로 54-26,2023-03-31,37.4888900431237,126.840452763607
오류2동,오류로8나길 21,2023-03-31,37.4900913348603,126.841575639744
오류2동,오류로8나길 8,2023-03-31,37.4907403551489,126.841325842039
오류2동,오류로8다길 32,2023-03-31,37.4898279391854,126.842969382898
오류2동,오류로8다길 14,2023-03-31,37.4905117447837,126.842384144144
오류2동,오류로8다길 8,2023-03-31,,
오류2동,오류로8다길 6,2023-03-31,,
오류2동,오류로8가길 23,2023-03-31,37.491347274301,126.842809478278
오류2동,오루로8라길 24,2023-03-31,,
오류2동,오류로8라길 26,2023-03-31,37.4912226397662,126.843741261825
오류2동,오루류8라길 37,2023-03-31,,
오류2동,오류로8라길 44,2023-03-31,37.4919552205758,126.844061327772
오류2동,서해안로28길 15,2023-03-31,37.4926164700747,126.843244997164
오류2동,오류로8바길 3-5,2023-03-31,37.4934674734005,126.846680048801
오류2동,오류로8바길 8,2023-03-31,37.4932351792017,126.84632194914
오류2동,오류로8길 138-1,2023-03-31,37.493974835628,126.84744999403
오류2동,오류로8길 147,2023-03-31,37.4942173881337,126.847870500498
오류2동,서해안로 2344,2023-03-31,37.4936378034252,126.844778600993
오류2동,서해안로 2317,2023-03-31,37.4928306260825,126.841882855902
오류2동,오류로 86,2023-03-31,37.4924615261049,126.84097459881
오류2동,서해안로21길 28,2023-03-31,37.4907423782187,126.838101827765
오류2동,서해안로 2283,2023-03-31,37.4909532706388,126.839066701232
오류2동,서해안로21길 5-13,2023-03-31,37.4897899139814,126.837372859333
오류2동,고척로16가길 20,2023-03-31,37.4987634263651,126.845382397201
오류2동,서해안로34가길 3,2023-03-31,37.4945197991026,126.848597791128
수궁동 ,오리로21길 21,2023-03-31,37.4984859483522,126.827879216671
수궁동 ,오리로21길 15,2023-03-31,37.4986610529551,126.828215702331
수궁동 ,오리로21길 16-1,2023-03-31,37.4989224744994,126.828057345898
수궁동 ,오리로21길 16-13,2023-03-31,37.4994030307453,126.827906175456
수궁동 ,오리로21길 16-22,2023-03-31,37.4996269698864,126.827624183185
수궁동 ,오리로21가길 37,2023-03-31,37.5003126263003,126.82687904053
수궁동 ,오리로21가길 31,2023-03-31,37.5000155252309,126.826913427129
수궁동 ,오리로21가길 23-13,2023-03-31,,
수궁동 ,오리로21가길 16,2023-03-31,37.4992829562056,126.827679143325
수궁동 ,오리로21길 80,2023-03-31,37.4967853765473,126.825840811174
수궁동 ,오리로21길 79,2023-03-31,37.4975693967975,126.827351739435
수궁동 ,부일로9길 90-16,2023-03-31,37.4968657554646,126.824750374364
수궁동 ,오리로21길 104,2023-03-31,37.4960639160436,126.825335419953
수궁동 ,부일로9길 82,2023-03-31,37.4961673837822,126.824748839974
수궁동 ,부일로9길 98,2023-03-31,37.496730225664,126.824252666709
수궁동 ,부일로9길 108,2023-03-31,37.4970973235859,126.8236066559
수궁동 ,오리로21길 45,2023-03-31,37.4981154151798,126.826865453751
수궁동 ,오리로21길 31,2023-03-31,37.4984375129956,126.827411712555
수궁동 ,오리로21길 23,2023-03-31,37.4984838740287,126.827630655764
수궁동 ,오리로17길 77-15,2023-03-31,37.497957021783,126.827730591186
수궁동 ,오리로17길 71,2023-03-31,37.4978225560926,126.828387026237
수궁동 ,오리로17길 65,2023-03-31,37.4975492561801,126.828431868204
수궁동 ,오리로17길 53,2023-03-31,37.49696870143,126.828592646114
수궁동 ,오리로17길 47,2023-03-31,37.4967004621988,126.828710075503
수궁동 ,오리로 1305,2023-03-31,37.4979750826696,126.828936729612
수궁동 ,오리로 1277,2023-03-31,37.495652064719,126.829903685627
수궁동 ,오리로 1266-1,2023-03-31,37.4948087781652,126.830883302244
수궁동 ,오리로 1270,2023-03-31,37.4950042304562,126.830774302837
수궁동 ,부일로11길 44,2023-03-31,37.4951202548454,126.831260633467
수궁동 ,부일로11길 56,2023-03-31,,
수궁동 ,부일로13길 45,2023-03-31,37.4951043150878,126.831455622889
수궁동 ,부일로13길 29,2023-03-31,37.4944258634529,126.831649272305
수궁동 ,부일로13길 22,2023-03-31,37.4941944595437,126.832264724786
수궁동 ,부일로15길 13,2023-03-31,37.4937471634783,126.833768672288
수궁동 ,부일로11길 2,2023-03-31,37.4933718765556,126.832226308089
수궁동 ,부일로11길 13,2023-03-31,37.4937805961342,126.831799081791
수궁동 ,부일로11길 20,2023-03-31,37.4941852871986,126.831833681571
수궁동 ,부일로11길 25,2023-03-31,37.4943259465454,126.831399813873
수궁동 ,부일로15길 59,2023-03-31,37.4949800017901,126.831789607012
수궁동 ,부일로17길 50,2023-03-31,37.4950061450285,126.833197531917
수궁동 ,부일로17길 73,2023-03-31,37.4952585044315,126.831980770032
수궁동 ,부일로13길 66-5,2023-03-31,37.4958772633969,126.83238829294
수궁동 ,부일로15나길 23,2023-03-31,,
수궁동 ,부일로15나길 17,2023-03-31,37.494974981045,126.833780538519
수궁동 ,부일로13길 55,2023-03-31,,
수궁동 ,부일로17길 97,2023-03-31,37.4960679185879,126.83093564771
수궁동 ,부일로17길 104-10,2023-03-31,37.4965387979381,126.831323483012
수궁동 ,부일로17길 104-16,2023-03-31,37.4968338045867,126.831209508601
수궁동 ,오리로20길 26-5,2023-03-31,37.4972274027773,126.831236780961
수궁동 ,오리로20길 28,2023-03-31,37.4971647725928,126.831103481346
수궁동 ,오리로20길 58,2023-03-31,37.4983745546877,126.831104940877
수궁동 ,오리로20길 67-9,2023-03-31,37.4980778076486,126.830569465673
수궁동 ,부일로17길 50,2023-03-31,37.4950061450285,126.833197531917
수궁동 ,부일로17길 153,2023-03-31,37.4985041063916,126.82996540828
수궁동 ,오리로22길 23,2023-03-31,37.498943325317,126.830577801128
수궁동 ,오리로22길 31,2023-03-31,37.499161893165,126.830755195098
수궁동 ,오리로22길 46-2,2023-03-31,37.4990165791803,126.831840489433
수궁동 ,오리로22길 59,2023-03-31,37.4995946640444,126.832030426377
수궁동 ,오리로22길 46-9,2023-03-31,37.4994226913697,126.831987611737
수궁동 ,오리로22나길 6-5,2023-03-31,37.4992696451609,126.830560892227
수궁동 ,오리로22길 16-49,2023-03-31,,
수궁동 ,오리로22나길 16-41,2023-03-31,37.5006221843475,126.832230556564
수궁동 ,오리로22나길 16-35,2023-03-31,37.5006283291123,126.831357258425
수궁동 ,오리로22가길 33,2023-03-31,37.5003774754509,126.829652085209
수궁동 ,오리로22가길 22,2023-03-31,37.4998202019704,126.830088744682
수궁동 ,오리로22길 5,2023-03-31,37.499134592341,126.829564211936
수궁동 ,부일로11길 117,2023-03-31,37.4980938681927,126.829582974829
수궁동 ,부일로11길 101,2023-03-31,37.497450127949,126.829664954684
수궁동 ,부일로17길 112,2023-03-31,37.4966549394224,126.830757799548
수궁동 ,부일로9길 95,2023-03-31,37.4964181408331,126.823724164567
수궁동 ,부일로7길 21,2023-03-31,37.4938355488816,126.824242148522
수궁동 ,부일로 861-6,2023-03-31,37.4926517271851,126.822621229803
수궁동 ,부일로1가길 21,2023-03-31,37.49138057884,126.819757973173
수궁동 ,부일로1가길 34,2023-03-31,37.4916203274571,126.819162386742
수궁동 ,부일로1가길 18-16,2023-03-31,37.4920646320226,126.819056718864
수궁동 ,부일로1가길 12-29,2023-03-31,37.4923223555477,126.819197783749
수궁동 ,부일로1길 116-6,2023-03-31,37.4954801903106,126.818192782211
수궁동 ,부일로1다길 18,2023-03-31,37.4959852127063,126.81825703324
수궁동 ,부일로1다길 34,2023-03-31,37.4966351243158,126.818209093651
수궁동 ,부일로1다길 16-5,2023-03-31,37.4960167231795,126.818534011371
수궁동 ,부일로1다길 16-9,2023-03-31,37.4960135661758,126.818766518607
수궁동 ,부일로1길 136-7,2023-03-31,37.4954193411963,126.816308748047
수궁동 ,부일로1길 136-6,2023-03-31,37.4955005778646,126.816925302039
수궁동 ,부일로1길 136-5,2023-03-31,37.4950939205314,126.816033737914
수궁동 ,부일로1길 136-9,2023-03-31,37.4952486069807,126.815792040844
수궁동 ,부일로1길 115,2023-03-31,37.4952969329737,126.817846515876
수궁동 ,부일로1길 109,2023-03-31,37.4951471469854,126.817821323102
수궁동 ,부일로1길 101,2023-03-31,37.4948118049484,126.817946188237
수궁동 ,부일로1길 99-17,2023-03-31,37.4941573274282,126.817954674802
수궁동 ,부일로1길 81,2023-03-31,37.4939010001161,126.818194461742
수궁동 ,부일로1길 62,2023-03-31,37.4932913687289,126.819067781309
수궁동 ,부일로1길 26-13,2023-03-31,37.4924584145444,126.82079909404
수궁동 ,부일로1길 26-19,2023-03-31,37.4926715730456,126.821023950075
수궁동 ,부일로5길 30,2023-03-31,37.4930849327358,126.821963555264
수궁동 ,부일로5길 30,2023-03-31,37.4930849327358,126.821963555264
수궁동 ,부일로5길 16,2023-03-31,37.4930920641357,126.822691428263
수궁동 ,부일로7길 13,2023-03-31,37.4934897749813,126.824445597548
수궁동 ,부일로19길 16,2023-03-31,37.4940725169466,126.836610570328
수궁동 ,부일로 985,2023-03-31,37.493446258895,126.836959315179
수궁동 ,부일로 989-8,2023-03-31,37.4936851811323,126.836941494578
수궁동 ,부일로 989-11,2023-03-31,,
개봉1동,개봉로23가길 86,2023-03-31,37.4945261069126,126.86060452167
개봉1동,경인로38길 25,2023-03-31,37.4960009390516,126.857487573923
개봉1동,경인로 301,2023-03-31,37.4984656617815,126.853672529481
개봉1동,경인로35길 33,2023-03-31,37.4986735458545,126.854346577836
개봉1동,고척로52마길 7-12,2023-03-31,37.5002494477513,126.854820982382
개봉1동,고척로52라길 11-9,2023-03-31,37.5020273964718,126.855184073006
개봉1동,고척로52라길 11-23,2023-03-31,37.5014539118255,126.854894534891
개봉1동,경서로1길 21,2023-03-31,37.4991260848065,126.855564676653
개봉1동,경서로1길 13,2023-03-31,37.4988146839797,126.85599659308
개봉1동,고척로52마길 29,2023-03-31,37.5010045513992,126.853993390342
개봉1동,고척로52라길 19-7,2023-03-31,37.5021345134808,126.854880212099
개봉1동,고척로52마길 33,2023-03-31,37.5010461274494,126.853879765918
개봉1동,경인로35길 55-10,2023-03-31,37.4988833189761,126.852907579964
개봉1동,경인로35가길 8,2023-03-31,37.4994359238196,126.85256078393
개봉1동,경인로33길 51,2023-03-31,37.5002412611033,126.851138791482
개봉1동,경인로33나길 14,2023-03-31,,
개봉1동,경인로33니길 14-13,2023-03-31,37.4906260350948,126.825980513337
개봉1동,경인로33길 67,2023-03-31,37.5008938419371,126.850839388421
개봉1동,고척로27길 63-30,2023-03-31,37.5050183997269,126.84546393436
개봉1동,고척로19가길 13,2023-03-31,37.5014928104444,126.844671868232
개봉1동,고척로21나길 98-10,2023-03-31,37.5025275588917,126.84097326941
개봉1동,고척로21가길 84-55,2023-03-31,37.5015921213634,126.841096600999
개봉1동,고척로21다길 41,2023-03-31,37.5029693787287,126.843104832553
개봉1동,고척로21라길 50-9,2023-03-31,37.5046327750214,126.841590721747
개봉1동,고척로21라길 43,2023-03-31,37.5042991189622,126.842456045585
개봉1동,고척로19길 69-52,2023-03-31,,
개봉1동,고척로21다길 28-14,2023-03-31,37.5039498370763,126.843637156928
개봉1동,고척로92,2023-03-31,37.5006200543801,126.844365730857
개봉1동,고척로16가길 40,2023-03-31,37.4994530476581,126.845169725601
개봉2동,개봉로20길 91-22,2023-03-31,37.4930512460024,126.860601495695
개봉2동,개봉로20길 105,2023-03-31,37.4928479547591,126.860123663485
개봉2동,개봉로15길 46-11,2023-03-31,37.4903642567502,126.853085531707
개봉2동,개봉로15길 60,2023-03-31,37.4900026835849,126.852652147043
개봉2동,개봉로17길 58,2023-03-31,37.4913819852235,126.852684604395
개봉2동,남부순환로95길 16,2023-03-31,37.4945679422391,126.857307896676
개봉2동,개봉로16가길 20,2023-03-31,37.4909295839594,126.857006573415
개봉2동,개봉로15길 46,2023-03-31,37.4899091433199,126.85343627497
개봉2동,개봉로19길 85,2023-03-31,37.4938280249647,126.853326166698
개봉2동,개봉로17바길 70,2023-03-31,37.4941897556233,126.851863211963
개봉2동,서해안로34길 42,2023-03-31,37.4949602850207,126.850637917492
개봉2동,서해안로34길 3,2023-03-31,,
개봉2동,서해안로34길 22-2,2023-03-31,37.4947043373016,126.84938265677
개봉2동,개봉로17아길 40,2023-03-31,37.4929484566148,126.851017232689
개봉2동,개봉로17아길 51-12,2023-03-31,37.4939285668084,126.850229829626
개봉2동,서해안로34가길 40,2023-03-31,37.4939054275451,126.849392402911
개봉2동,개봉로17길 18-11,2023-03-31,37.4922220811527,126.854500114639
개봉2동,개봉로17길 79,2023-03-31,37.4910782334377,126.85137182239
개봉3동,개봉로11가길 32,2023-03-31,37.4893761130225,126.85300548869
개봉3동,개봉로11길 63,2023-03-31,37.487733054196,126.852585822552
개봉3동,개봉로11길 74,2023-03-31,37.4879882172247,126.852079439647
개봉3동,개봉로11길 50,2023-03-31,37.4879888638232,126.853320736359
개봉3동,개봉로3길 100-10,2023-03-31,37.4865653553911,126.851225406218
개봉3동,개봉로3길 96,2023-03-31,37.486174114536,126.85092089664
개봉3동,개봉로1길 82,2023-03-31,37.4833567300732,126.853640493318
개봉3동,개봉로3가길 44-7,2023-03-31,37.4845151287043,126.853182916116
개봉3동,개봉로3가길 82-4,2023-03-31,37.4831209182915,126.85246689591
개봉3동,개봉로3가길 75,2023-03-31,37.4829603923153,126.852927494424
개봉3동,개봉로3가길 88-24,2023-03-31,37.4834990253353,126.851566949304
개봉3동,개봉로3가길 82-39,2023-03-31,37.4837723451161,126.851458657593
개봉3동,개봉로3가길 88-3,2023-03-31,37.4826954891516,126.852127976786
개봉3동,개봉로1길 154,2023-03-31,37.4819027016041,126.850488779915
개봉3동,개봉로1다길 13-25,2023-03-31,37.4819163077185,126.851561374471
개봉3동,개봉로1라길 10-4,2023-03-31,37.4821686871908,126.850423917279
개봉3동,개봉로1길 106,2023-03-31,37.4825399111465,126.852653688092
개봉3동,개봉로1길 40,2023-03-31,37.4850496631363,126.854466763339
개봉3동,개봉로12길 9-14,2023-03-31,37.4889974387218,126.857059556309
개봉3동,개봉로2길 75,2023-03-31,37.4883757801627,126.85934196854
개봉3동,개봉로1나길 1,2023-03-31,37.4837268252569,126.853754645418
개봉3동,개봉로1길 22,2023-03-31,37.4857684939638,126.854985369014
개봉3동,개봉로10길 27,2023-03-31,37.4878618735324,126.857934516854
개봉3동,개봉로6길 11-2,2023-03-31,37.4870279952948,126.857190512562
개봉3동,개봉로16길 26,2023-03-31,37.489986796514,126.857699820771
개봉3동,개봉로15길 91,2023-03-31,37.4896449055775,126.851080670181
